Time_sec,Date_Time,Step,Cycle,Current_Amp,Voltage_Volt,Charge_Ah,Discharge_Ah
10.0001812987754,735818.405138889,1,1,0,4.19132852554321,0,0
20.0157567745766,735818.40525463,1,1,0,4.191490650177,0,0
30.0313503404639,735818.40537037,1,1,0,4.19132852554321,0,0
40.0470327978963,735818.405486111,1,1,0,4.191490650177,0,0
50.0625793917147,735818.405601852,1,1,0,4.19132852554321,0,0
60.0000937953052,735818.405717593,1,1,0,4.19132852554321,0,0
70.0160413807537,735818.405833333,2,1,-0.750103116035461,4.10397815704346,0,0.002086917514058
80.0316711268131,735818.405949074,2,1,-0.749923288822174,4.09571266174316,0,0.004173808363474
90.0316968177659,735818.406064815,2,1,-0.750103116035461,4.08890628814697,0,0.006257501411164
100.047220198731,735818.406180556,2,1,-0.749923288822174,4.08307218551636,0,0.008344396671456
110.062843553862,735818.406296296,2,1,-0.750103116035461,4.07804822921753,0,0.010431293931875
120.078590441875,735818.406412037,2,1,-0.750282943248749,4.07334852218628,0,0.012518249382299
130.09393591945,735818.406527778,2,1,-0.750103116035461,4.06913471221924,0,0.014601906749509
140.093960678079,735818.406643518,2,1,-0.750103116035461,4.06524562835693,0,0.016685620546595
150.109805339775,735818.406759259,2,1,-0.750282943248749,4.06200408935547,0,0.018775798800313
160.125333778345,735818.406875,2,1,-0.750282943248749,4.05860090255737,0,0.020862713818321
170.140848337322,735818.406990741,2,1,-0.750103116035461,4.05568408966064,0,0.022949641919138
180.156339452872,735818.407106481,2,1,-0.750282943248749,4.05260467529297,0,0.025033281407362
190.156534801664,735818.407222222,2,1,-0.750282943248749,4.05001163482666,0,0.027120242841334
200.171982203265,735818.407337963,2,1,-0.750103116035461,4.04758071899414,0,0.029207153793443
210.187607087207,735818.407453704,2,1,-0.750282943248749,4.0448260307312,0,0.03129410610795
220.203246813139,735818.407569444,2,1,-0.750103116035461,4.0427188873291,0,0.033381017763449
230.218848584477,735818.407685185,2,1,-0.750103116035461,4.04028797149658,0,0.035467932742444
240.218900661191,735818.407800926,2,1,-0.750103116035461,4.03818130493164,0,0.037551597346285
250.234458212319,735818.407916667,2,1,-0.750103116035461,4.0360746383667,0,0.03963852893574
260.249959859115,735818.408032407,2,1,-0.750103116035461,4.03396797180176,0,0.041725455082133
270.249974768196,735818.408148148,2,1,-0.750103116035461,4.03186082839966,0,0.043809157979612
280.265559792796,735818.408263889,2,1,-0.750103116035461,4.03007841110229,0,0.045896124544016
290.281130857604,735818.40837963,2,1,-0.750103116035461,4.02813339233398,0,0.047983035168085
300.296775154929,735818.40849537,2,1,-0.750103116035461,4.02635097503662,0,0.050069972356579
310.296848354288,735818.408611111,2,1,-0.750103116035461,4.0245680809021,0,0.052153703818298
320.312410115909,735818.408726852,2,1,-0.749743461608887,4.02262353897095,0,0.054240624143047
330.327986508996,735818.408842593,2,1,-0.750103116035461,4.02084112167358,0,0.056327536194398
340.343567448415,735818.408958333,2,1,-0.750103116035461,4.01922035217285,0,0.058414473405861
350.359187154451,735818.409074074,2,1,-0.750103116035461,4.01727533340454,0,0.060501444515874
360.3592158128,735818.409189815,2,1,-0.750103116035461,4.01565504074097,0,0.062585165816563
370.374707023587,735818.409305556,2,1,-0.749923288822174,4.01419639587402,0,0.064672134281309
380.390404809222,735818.409421296,2,1,-0.750103116035461,4.01225185394287,0,0.06675906741218
390.405957944343,735818.409537037,2,1,-0.750103116035461,4.01063108444214,0,0.068846028103741
400.421546628062,735818.409652778,2,1,-0.750103116035461,4.00901031494141,0,0.070933016929419
410.43710900622,735818.409768519,2,1,-0.749923288822174,4.00755214691162,0,0.073019982308986
420.437117654698,735818.409884259,2,1,-0.750103116035461,4.0057692527771,0,0.075103699141332
430.452739220369,735818.41,2,1,-0.750282943248749,4.00414848327637,0,0.077190684619992
440.45279360283,735818.410115741,2,1,-0.750103116035461,4.00252819061279,0,0.07927438401631
450.468409063285,735818.410231482,2,1,-0.750103116035461,4.00106954574585,0,0.081361337081463
460.483867031221,735818.410347222,2,1,-0.750103116035461,3.9994490146637,0,0.0834482974702
470.499490952764,735818.410462963,2,1,-0.750103116035461,3.99782824516296,0,0.085535239772756
480.51512143566,735818.410578704,2,1,-0.749923288822174,3.99653172492981,0,0.08762220190577
490.53072691123,735818.410694444,2,1,-0.750282943248749,3.99458718299866,0,0.08970912787503
500.546274266947,735818.410810185,2,1,-0.750103116035461,3.9932906627655,0,0.091796056178291
510.562085530404,735818.410925926,2,1,-0.750103116035461,3.99183201789856,0,0.093883027414413
520.577351048695,735818.411041667,2,1,-0.750103116035461,3.99021148681641,0,0.095966675865315
530.577447731582,735818.411157407,2,1,-0.750103116035461,3.98859095573425,0,0.098053602016535
540.577624258464,735818.411273148,2,1,-0.750103116035461,3.98713231086731,0,0.100137358526072
550.593041504909,735818.411400463,2,1,-0.750282943248749,3.98551177978516,0,0.102224276877141
560.608639291315,735818.411516204,2,1,-0.750103116035461,3.98405313491821,0,0.104311256615912
570.608644761873,735818.411631944,2,1,-0.750103116035461,3.98227047920227,0,0.106394937968688
580.624224042156,735818.411747685,2,1,-0.750282943248749,3.98097395896912,0,0.108481830773517
590.6398213223,735818.411863426,2,1,-0.750282943248749,3.97951555252075,0,0.110568759313324
600.655425985846,735818.411979167,2,1,-0.750282943248749,3.97805690765381,0,0.112655691011314
610.655430789742,735818.412094907,2,1,-0.749923288822174,3.97659826278687,0,0.114739360159937
620.670966260839,735818.412210648,2,1,-0.750282943248749,3.9751398563385,0,0.116823020543308
630.671002683539,735818.412326389,2,1,-0.750103116035461,3.97368121147156,0,0.118909976576027
640.686426000113,735818.41244213,2,1,-0.750282943248749,3.9720606803894,0,0.120993648870008
650.686549544947,735818.41255787,2,1,-0.750103116035461,3.97060203552246,0,0.12308058812387
660.702175897549,735818.412673611,2,1,-0.749923288822174,3.9694676399231,0,0.125167504820131
670.717822305135,735818.412789352,2,1,-0.749923288822174,3.96784710884094,0,0.12725444285975
680.733382994082,735818.412905093,2,1,-0.749923288822174,3.966388463974,0,0.129341353230578
690.74896264529,735818.413020833,2,1,-0.750103116035461,3.96493005752563,0,0.131428284308978
700.764294960059,735818.413136574,2,1,-0.750103116035461,3.96347141265869,0,0.133485896344486
710.764514022954,735818.413252315,2,1,-0.750103116035461,3.96201300621033,0,0.135595620875578
720.780110345713,735818.413368056,2,1,-0.750103116035461,3.96055436134338,0,0.137682580158407
730.780306752141,735818.413483796,2,1,-0.749923288822174,3.95909571647644,0,0.139769553321724
740.795747988376,735818.413599537,2,1,-0.750282943248749,3.95763731002808,0,0.141856449405258
750.811346867505,735818.413715278,2,1,-0.750103116035461,3.95634078979492,0,0.143943357630849
760.826941125116,735818.413831018,2,1,-0.749923288822174,3.95488214492798,0,0.146030286320849
770.842595888527,735818.413946759,2,1,-0.750282943248749,3.95326161384583,0,0.148117243660754
780.858177639969,735818.4140625,2,1,-0.749923288822174,3.95196509361267,0,0.150204176411404
790.873803531421,735818.414178241,2,1,-0.750103116035461,3.95050668716431,0,0.152291114439577
800.889381668856,735818.414293982,2,1,-0.750103116035461,3.94904804229736,0,0.154378088535879
810.904958593268,735818.414409722,2,1,-0.749923288822174,3.94775152206421,0,0.156465014442958
820.920542364745,735818.414525463,2,1,-0.750103116035461,3.94613099098206,0,0.158551948005242
830.920588261055,735818.414641204,2,1,-0.750282943248749,3.9448344707489,0,0.160635658527274
840.936038559877,735818.414756944,2,1,-0.750103116035461,3.94321393966675,0,0.162719298094097
850.936077052736,735818.414872685,2,1,-0.750103116035461,3.94207954406738,0,0.164802950357929
860.951698107133,735818.414988426,2,1,-0.750103116035461,3.94078302383423,0,0.166893134926696
870.951785221171,735818.415104167,2,1,-0.750103116035461,3.93932437896729,0,0.168976804061509
880.967233239309,735818.415219907,2,1,-0.750103116035461,3.93786597251892,0,0.171063736999046
890.982828915456,735818.415335648,2,1,-0.750103116035461,3.93656945228577,0,0.173150664450905
900.982864826881,735818.415451389,2,1,-0.750103116035461,3.9354350566864,0,0.175234374792923
910.998423119857,735818.41556713,2,1,-0.750462770462036,3.93365240097046,0,0.17732130617329
921.014057652847,735818.41568287,2,1,-0.749923288822174,3.93251800537109,0,0.179408265558588
931.029673434102,735818.415798611,2,1,-0.750282943248749,3.93105936050415,0,0.181495265845216
941.04515511614,735818.415914352,2,1,-0.750103116035461,3.929762840271,0,0.183582211655213
951.045199333266,735818.416030093,2,1,-0.750103116035461,3.92830443382263,0,0.185665931916221
961.060801385304,735818.416145833,2,1,-0.750103116035461,3.92700791358948,0,0.187752900117489
971.076434810533,735818.416261574,2,1,-0.749923288822174,3.92571139335632,0,0.189839847974297
981.091985093546,735818.416377315,2,1,-0.750103116035461,3.92425274848938,0,0.191923515094528
991.092093590877,735818.416493056,2,1,-0.750103116035461,3.92311835289001,0,0.194010452517705
1001.10769035474,735818.416608796,2,1,-0.750103116035461,3.92165994644165,0,0.19609411063862
1011.12331396049,735818.416724537,2,1,-0.750103116035461,3.92052531242371,0,0.19818432600891
1021.13880073522,735818.416840278,2,1,-0.750103116035461,3.91906690597534,0,0.200271240165117
1031.15440631605,735818.416956019,2,1,-0.750282943248749,3.9176082611084,0,0.202358127942432
1041.16996646365,735818.417071759,2,1,-0.750103116035461,3.91631174087524,0,0.204441806655836
1051.16997037532,735818.4171875,2,1,-0.750103116035461,3.91501545906067,0,0.206525453038173
1061.18564714358,735818.417303241,2,1,-0.750103116035461,3.91355681419373,0,0.208615652403146
1071.20122148154,735818.417418981,2,1,-0.750103116035461,3.91226029396057,0,0.210702581305472
1081.21676995505,735818.417534722,2,1,-0.750103116035461,3.91096377372742,0,0.212789531307832
1091.21689410639,735818.417650463,2,1,-0.750103116035461,3.90950536727905,0,0.21487324725804
1101.23232526251,735818.417766204,2,1,-0.750103116035461,3.90837097167969,0,0.216960154844779
1111.23232931453,735818.417881944,2,1,-0.750103116035461,3.90723657608032,0,0.219043853827382
1121.23235194285,735818.417997685,2,1,-0.750282943248749,3.90561580657959,0,0.221127564214333
1131.24794415035,735818.418113426,2,1,-0.749923288822174,3.90448141098022,0,0.223214483181133
1141.26349856867,735818.418229167,2,1,-0.750103116035461,3.90318489074707,0,0.225301449521753
1151.26359455983,735818.418344907,2,1,-0.750103116035461,3.90188837051392,0,0.227385125547971
1161.27897657848,735818.418460648,2,1,-0.750103116035461,3.90059208869934,0,0.229468801575669
1171.27912558176,735818.418576389,2,1,-0.750103116035461,3.8991334438324,0,0.231555727582904
1181.27917639032,735818.41869213,2,1,-0.750103116035461,3.89816117286682,0,0.233639415313823
1191.29496587449,735818.41880787,2,1,-0.749923288822174,3.89670252799988,0,0.235726393659394
1201.31044715052,735818.418923611,2,1,-0.750103116035461,3.8957302570343,0,0.237813312021155
1211.32590663724,735818.419039352,2,1,-0.750103116035461,3.89410948753357,0,0.239900247384767
1221.34146001296,735818.419155093,2,1,-0.750103116035461,3.8929750919342,0,0.241987152723247
1231.35701307289,735818.419270833,2,1,-0.749923288822174,3.89167857170105,0,0.244074077966653
1241.37263731524,735818.419386574,2,1,-0.750103116035461,3.89054417610168,0,0.246161050776649
1251.37264568803,735818.419502315,2,1,-0.750103116035461,3.88924765586853,0,0.248244723058512
1261.38820115396,735818.419618056,2,1,-0.749923288822174,3.88811326026917,0,0.250331637833202
1271.40378468985,735818.419733796,2,1,-0.749923288822174,3.88681674003601,0,0.252418590004131
1281.41941961882,735818.419849537,2,1,-0.750103116035461,3.88552045822144,0,0.254505514724091
1291.43500558577,735818.419965278,2,1,-0.750103116035461,3.88422393798828,0,0.256592454943317
1301.43503722655,735818.420081018,2,1,-0.750103116035461,3.88292741775513,0,0.258676149932745
1311.45061229634,735818.420196759,2,1,-0.750462770462036,3.88146877288818,0,0.260763122670823
1321.45074602155,735818.4203125,2,1,-0.750103116035461,3.88049650192261,0,0.262846838232532
1331.46614393982,735818.420428241,2,1,-0.749923288822174,3.87919998168945,0,0.26493375141066
1341.46616391152,735818.420543981,2,1,-0.750103116035461,3.87822771072388,0,0.267017465855084
1351.48171496145,735818.420659722,2,1,-0.750103116035461,3.87693119049072,0,0.269104396075834
1361.48171622652,735818.420775463,2,1,-0.750282943248749,3.87547254562378,0,0.271188091383906
1371.49735655897,735818.420891204,2,1,-0.749923288822174,3.87433815002441,0,0.273275041047778
1381.49737530762,735818.421006944,2,1,-0.750103116035461,3.87320375442505,0,0.275358742789323
1391.51289118488,735818.421122685,2,1,-0.750103116035461,3.87190723419189,0,0.277445700796386
1401.52851260018,735818.421238426,2,1,-0.750103116035461,3.87077283859253,0,0.279532653936622
1411.52854169461,735818.421354167,2,1,-0.750103116035461,3.86947631835938,0,0.281616388676566
1421.54397018408,735818.421469907,2,1,-0.750103116035461,3.86817979812622,0,0.283703315633084
1431.54404472679,735818.421585648,2,1,-0.750103116035461,3.86704540252686,0,0.28578702342321
1441.54410240245,735818.421701389,2,1,-0.750282943248749,3.86591100692749,0,0.287870726995872
1451.55961368326,735818.42181713,2,1,-0.750103116035461,3.86461448669434,0,0.289957667703549
1461.55964678769,735818.42193287,2,1,-0.750282943248749,3.86331796646118,0,0.292041377887979
1471.57512162266,735818.422048611,2,1,-0.750103116035461,3.86218357086182,0,0.29412504988061
1481.59081265146,735818.422175926,2,1,-0.750103116035461,3.86121129989624,0,0.296211988230189
1491.60640088907,735818.422291667,2,1,-0.750282943248749,3.8597526550293,0,0.298298938323463
1501.6220774869,735818.422407407,2,1,-0.749923288822174,3.85894250869751,0,0.300389204761403
1511.63775598446,735818.422523148,2,1,-0.750103116035461,3.85764598846436,0,0.30247617406603
1521.65322285959,735818.422638889,2,1,-0.750103116035461,3.8563494682312,0,0.304559796444554
1531.6532961993,735818.42275463,2,1,-0.749923288822174,3.85537719726562,0,0.306646771046358
1541.66883390096,735818.42287037,2,1,-0.750103116035461,3.85391855239868,0,0.30873374147947
1551.68432193884,735818.422986111,2,1,-0.750103116035461,3.85278415679932,0,0.310820681197486
1561.68438557937,735818.423101852,2,1,-0.750103116035461,3.85164976119995,0,0.312904379415408
1571.70000404732,735818.423217593,2,1,-0.750103116035461,3.85051536560059,0,0.314991340513053
1581.71557731763,735818.423333333,2,1,-0.750103116035461,3.84921884536743,0,0.317078276581514
1591.71558473804,735818.423449074,2,1,-0.750103116035461,3.84824633598328,0,0.319162016893339
1601.73117092554,735818.423564815,2,1,-0.750103116035461,3.8472740650177,0,0.321248992323314
1611.74655754064,735818.423680556,2,1,-0.749923288822174,3.84597754478455,0,0.323335926886872
1621.74678597189,735818.423796296,2,1,-0.750282943248749,3.84468102455139,0,0.325419708223046
1631.76232413971,735818.423912037,2,1,-0.749923288822174,3.84370875358582,0,0.32750668766889
1641.77771720087,735818.424027778,2,1,-0.749923288822174,3.84241223335266,0,0.329590322605565
1651.77777244548,735818.424143519,2,1,-0.750103116035461,3.84143996238708,0,0.33167406527058
1661.77806675091,735818.424259259,2,1,-0.750103116035461,3.84030556678772,0,0.333761068731667
1671.79327591374,735818.424375,2,1,-0.750103116035461,3.83900904655457,0,0.33584794517528
1681.7934292378,735818.424490741,2,1,-0.750103116035461,3.83803653717041,0,0.337931720653776
1691.80903360059,735818.424606481,2,1,-0.750103116035461,3.83690214157104,0,0.340018654165539
1701.82447506239,735818.424722222,2,1,-0.750103116035461,3.83592987060547,0,0.342105598146766
1711.82449470327,735818.424837963,2,1,-0.749923288822174,3.8347954750061,0,0.344189292315929
1721.82469876377,735818.424953704,2,1,-0.749923288822174,3.83366107940674,0,0.346273022876621
1731.8400847072,735818.425069444,2,1,-0.750103116035461,3.83236455917358,0,0.348356712975835
1741.84018876346,735818.425185185,2,1,-0.750103116035461,3.83139204978943,0,0.350443619842091
1751.85577995343,735818.425300926,2,1,-0.750282943248749,3.83025765419006,0,0.352530556831304
1761.87144533831,735818.425416667,2,1,-0.750103116035461,3.8291232585907,0,0.354617535941845
1771.88685232418,735818.425532407,2,1,-0.750103116035461,3.82798886299133,0,0.356704475086617
1781.88692208998,735818.425648148,2,1,-0.750282943248749,3.82701659202576,0,0.358788208098509
1791.8869775,735818.425763889,2,1,-0.750462770462036,3.82588219642639,0,0.360871917859202
1801.90250271554,735818.42587963,2,1,-0.750462770462036,3.82474756240845,0,0.362958843849659
1811.91812465214,735818.42599537,2,1,-0.750282943248749,3.82361316680908,0,0.365045805244603
1821.9181249097,735818.426111111,2,1,-0.750462770462036,3.82264089584351,0,0.367129540179489
1831.93373701179,735818.426226852,2,1,-0.750103116035461,3.82166862487793,0,0.369216470686733
1841.94932243739,735818.426342593,2,1,-0.750282943248749,3.82037210464478,0,0.371303447894484
1851.96501690475,735818.426458333,2,1,-0.750103116035461,3.81956171989441,0,0.373390456085699
1861.98052792491,735818.426574074,2,1,-0.750103116035461,3.81842732429504,0,0.375477378355011
1871.99609530052,735818.426689815,2,1,-0.750103116035461,3.81729292869568,0,0.377564310843033
1881.99629027338,735818.426805556,2,1,-0.750282943248749,3.81615853309631,0,0.379648070386727
1892.01171111378,735818.426921296,2,1,-0.750103116035461,3.81518602371216,0,0.381734965664759
1902.02729110584,735818.427037037,2,1,-0.749923288822174,3.81405162811279,0,0.383821896126688
1912.02731520282,735818.427152778,2,1,-0.750103116035461,3.81291723251343,0,0.385905602071253
1922.02736041743,735818.427268518,2,1,-0.750103116035461,3.81210684776306,0,0.387989307402166
1932.04280692179,735818.427384259,2,1,-0.750282943248749,3.81081056594849,0,0.390076178756715
1942.0428510888,735818.4275,2,1,-0.750103116035461,3.81000018119812,0,0.392159843699993
1952.05840126153,735818.427615741,2,1,-0.750103116035461,3.80870366096497,0,0.394246768661954
1962.07399382993,735818.427731481,2,1,-0.750103116035461,3.8078932762146,0,0.396333683783292
1972.08965818726,735818.427847222,2,1,-0.750282943248749,3.80659699440002,0,0.398420650882083
1982.08968581804,735818.427962963,2,1,-0.750282943248749,3.80562448501587,0,0.400504334584735
1992.10516500887,735818.428078704,2,1,-0.750103116035461,3.80481433868408,0,0.402591256064207
2002.12090348592,735818.428194444,2,1,-0.750103116035461,3.80384182929993,0,0.404678237444338
2012.13645874133,735818.428310185,2,1,-0.750103116035461,3.80270743370056,0,0.406761933432424
2022.15186326106,735818.428425926,2,1,-0.749923288822174,3.80173516273499,0,0.408848838624862
2032.15194366838,735818.428541667,2,1,-0.749743461608887,3.80076265335083,0,0.410935748597157
2042.16757720889,735818.428657407,2,1,-0.750103116035461,3.79962825775146,0,0.413022713219407
2052.18318525086,735818.428773148,2,1,-0.749923288822174,3.79881811141968,0,0.415109644433459
2062.19876535821,735818.428888889,2,1,-0.750103116035461,3.79752159118652,0,0.417196588160218
2072.19888854214,735818.42900463,2,1,-0.750103116035461,3.79654908180237,0,0.419280336678275
2082.21430534247,735818.42912037,2,1,-0.749923288822174,3.79557681083679,0,0.421364027759179
2092.21436879755,735818.429236111,2,1,-0.750103116035461,3.79444241523743,0,0.423450939003292
2102.22989694038,735818.429351852,2,1,-0.750103116035461,3.79379415512085,0,0.425537864906228
2112.24551263642,735818.429467593,2,1,-0.750282943248749,3.7924976348877,0,0.427624815209709
2122.26109595677,735818.429583333,2,1,-0.750103116035461,3.79152536392212,0,0.429708506684946
2132.27671616907,735818.429699074,2,1,-0.750103116035461,3.79055285453796,0,0.43179871595104
2142.27677679209,735818.429814815,2,1,-0.750103116035461,3.78974270820618,0,0.43388241315775
2152.29228694508,735818.429930556,2,1,-0.750103116035461,3.78860807418823,0,0.43596936297949
2162.29231779389,735818.430046296,2,1,-0.750103116035461,3.78763580322266,0,0.43805308904849
2172.30783013233,735818.430162037,2,1,-0.749923288822174,3.78682541847229,0,0.44014002103917
2182.32354741657,735818.430277778,2,1,-0.750103116035461,3.78569102287292,0,0.442227009767716
2192.33898024184,735818.430393519,2,1,-0.750103116035461,3.78471875190735,0,0.444313922007753
2202.33922287849,735818.430509259,2,1,-0.750103116035461,3.78390836715698,0,0.446397669679614
2212.35469886633,735818.430625,2,1,-0.750282943248749,3.78277397155762,0,0.448484630756991
2222.37019762092,735818.430740741,2,1,-0.750103116035461,3.78196358680725,0,0.450571592598193
2232.37023625914,735818.430856481,2,1,-0.750103116035461,3.78082919120789,0,0.452655279340963
2242.37023704302,735818.430972222,2,1,-0.750462770462036,3.77969479560852,0,0.454738966012854
2252.38578484485,735818.431087963,2,1,-0.750282943248749,3.77888464927673,0,0.456825896340299
2262.4014470067,735818.431203704,2,1,-0.750103116035461,3.77807426452637,0,0.458912877492715
2272.41702401131,735818.431319444,2,1,-0.750462770462036,3.776939868927,0,0.460999847881474
2282.43259155735,735818.431435185,2,1,-0.750103116035461,3.77612948417664,0,0.463086819374578
2292.43261485734,735818.431550926,2,1,-0.750103116035461,3.77531933784485,0,0.465170536528278
2302.43263278896,735818.431666667,2,1,-0.749923288822174,3.77450895309448,0,0.467254230732951
2312.44818218476,735818.431782407,2,1,-0.749923288822174,3.77337455749512,0,0.469341194177215
2322.44819865774,735818.431898148,2,1,-0.750282943248749,3.77240204811096,0,0.471424879837709
2332.46376604337,735818.432013889,2,1,-0.750282943248749,3.77159190177917,0,0.473511842724002
2342.47922177574,735818.43212963,2,1,-0.750103116035461,3.77061939239502,0,0.475598720745783
2352.47928644885,735818.43224537,2,1,-0.750282943248749,3.76964712142944,0,0.477682428126302
2362.47937818942,735818.432361111,2,1,-0.750103116035461,3.76867485046387,0,0.47976617167594
2372.49486332506,735818.432476852,2,1,-0.750103116035461,3.7678644657135,0,0.481853054972318
2382.49489134682,735818.432592593,2,1,-0.750103116035461,3.76689195632935,0,0.483936707881605
2392.51044688794,735818.432708333,2,1,-0.750103116035461,3.76608180999756,0,0.486023641007849
2402.51045997247,735818.432824074,2,1,-0.750103116035461,3.7651093006134,0,0.488107316136416
2412.52603657609,735818.432939815,2,1,-0.750103116035461,3.76413702964783,0,0.490194262247007
2422.52620793008,735818.433055556,2,1,-0.750103116035461,3.76348876953125,0,0.492277977129226
2432.54162965769,735818.433171296,2,1,-0.750103116035461,3.76235437393188,0,0.494361651248643
2442.55721612088,735818.433287037,2,1,-0.750103116035461,3.76138210296631,0,0.496451867190503
2452.55721723056,735818.433402778,2,1,-0.750103116035461,3.76057171821594,0,0.498535597211025
2462.5728172776,735818.433518518,2,1,-0.749923288822174,3.75976133346558,0,0.500622573924224
2472.58839017197,735818.433645833,2,1,-0.750103116035461,3.7587890625,0,0.502709495059636
2482.60399260997,735818.433761574,2,1,-0.750282943248749,3.75781679153442,0,0.504796444208386
2492.60402256154,735818.433877315,2,1,-0.750103116035461,3.75716853141785,0,0.506880122470122
2502.61957160146,735818.433993056,2,1,-0.750103116035461,3.75603413581848,0,0.508967058227445
2512.63515534787,735818.434108796,2,1,-0.750282943248749,3.75506162643433,0,0.511050742714474
2522.6351837556,735818.434224537,2,1,-0.750282943248749,3.75425124168396,0,0.513137693207941
2532.65075396828,735818.434340278,2,1,-0.750103116035461,3.75344109535217,0,0.515224587592712
2542.66635826591,735818.434456018,2,1,-0.750282943248749,3.75246858596802,0,0.517311530893567
2552.68213007103,735818.434571759,2,1,-0.749923288822174,3.75182056427002,0,0.519398531322729
2562.69750339801,735818.4346875,2,1,-0.750103116035461,3.75101017951965,0,0.521482164413849
2572.69756025664,735818.434803241,2,1,-0.750103116035461,3.7500376701355,0,0.523569098339748
2582.7131658475,735818.434918982,2,1,-0.749923288822174,3.74922752380371,0,0.525656052807332
2592.7131836939,735818.435034722,2,1,-0.750103116035461,3.74825501441956,0,0.527739749275825
2602.72873968615,735818.435150463,2,1,-0.750282943248749,3.74728274345398,0,0.529826704332114
2612.74431933234,735818.435266204,2,1,-0.750282943248749,3.7466344833374,0,0.531913677233746
2622.7444619046,735818.435381944,2,1,-0.750103116035461,3.74566221237183,0,0.533997398539767
2632.75988323622,735818.435497685,2,1,-0.749923288822174,3.74501395225525,0,0.536084323917873
2642.77543113329,735818.435613426,2,1,-0.750282943248749,3.74387955665588,0,0.538171270319051
2652.79109788157,735818.435729167,2,1,-0.750282943248749,3.74323129653931,0,0.540258248142922
2662.80665577355,735818.435844907,2,1,-0.750103116035461,3.74242091178894,0,0.542345193020159
2672.82227444701,735818.435960648,2,1,-0.750282943248749,3.74128651618958,0,0.544432149852492
2682.82230257404,735818.436076389,2,1,-0.750282943248749,3.740638256073,0,0.546515848505353
2692.83783461158,735818.43619213,2,1,-0.750103116035461,3.73982787132263,0,0.548602804771949
2702.85348294396,735818.43630787,2,1,-0.750103116035461,3.73901772499084,0,0.550689750220792
2712.85349010874,735818.436423611,2,1,-0.750282943248749,3.73788332939148,0,0.552773448692477
2722.86907146419,735818.436539352,2,1,-0.750103116035461,3.7372350692749,0,0.554860388781798
2732.88463130102,735818.436655093,2,1,-0.750103116035461,3.73626255989075,0,0.556947358687194
2742.88474042491,735818.436770833,2,1,-0.749923288822174,3.73561429977417,0,0.559031027741741
2752.90034852703,735818.436886574,2,1,-0.750103116035461,3.73480415344238,0,0.561118016734222
2762.91582057505,735818.437002315,2,1,-0.750462770462036,3.73366975784302,0,0.563201676701435
2772.93144961936,735818.437118056,2,1,-0.750103116035461,3.73318338394165,0,0.565291881272647
2782.94704108502,735818.437233796,2,1,-0.750282943248749,3.73237323760986,0,0.567378811801224
2792.96259083169,735818.437349537,2,1,-0.749923288822174,3.73172497749329,0,0.569465697311136
2802.97821857777,735818.437465278,2,1,-0.749923288822174,3.73075246810913,0,0.571552642360497
2812.99398238796,735818.437581019,2,1,-0.750103116035461,3.72994232177734,0,0.5736396263066
2823.00940751404,735818.437696759,2,1,-0.750103116035461,3.72929406166077,0,0.575723258181665
2833.00942363614,735818.4378125,2,1,-0.750103116035461,3.72832179069519,0,0.577810227952481
2843.02496672122,735818.437928241,2,1,-0.750103116035461,3.72751140594482,0,0.579897161623049
2853.02496778579,735818.438043981,2,1,-0.750103116035461,3.72670102119446,0,0.581980864690818
2863.04058516102,735818.438159722,2,1,-0.750103116035461,3.72589087486267,0,0.584067862984113
2873.04060487708,735818.438275463,2,1,-0.750103116035461,3.7250804901123,0,0.586151532511804
2883.05622930489,735818.438391204,2,1,-0.750103116035461,3.72443222999573,0,0.588235245777228
2893.07173985387,735818.438506944,2,1,-0.750282943248749,3.72345995903015,0,0.590322237564849
2903.08740859712,735818.438622685,2,1,-0.750103116035461,3.72281169891357,0,0.592412470336669
2913.1029319029,735818.438738426,2,1,-0.750282943248749,3.72200131416321,0,0.594499437393315
2923.11854137844,735818.438854167,2,1,-0.750103116035461,3.72119092941284,0,0.596583141904067
2933.11857610692,735818.438969907,2,1,-0.750103116035461,3.72021865844727,0,0.598670159385194
2943.11864760203,735818.439085648,2,1,-0.750282943248749,3.71957039833069,0,0.60075393602945
2953.1340972793,735818.439201389,2,1,-0.750103116035461,3.71892213821411,0,0.602840863452104
2963.13410322605,735818.43931713,2,1,-0.749923288822174,3.71827387809753,0,0.604924564458275
2973.14966375961,735818.43943287,2,1,-0.749923288822174,3.71730160713196,0,0.607011486557985
2983.14969350065,735818.439548611,2,1,-0.750103116035461,3.71681547164917,0,0.60909519521909
2993.16526455543,735818.439664352,2,1,-0.749923288822174,3.71584296226501,0,0.611182125317001
3003.18108818471,735818.439780093,2,1,-0.750282943248749,3.71503281593323,0,0.613269082309585
3013.19641205844,735818.439895833,2,1,-0.750282943248749,3.71406030654907,0,0.615356035026093
3023.19643939851,735818.440011574,2,1,-0.750103116035461,3.7134120464325,0,0.617439735046346
3033.21206256316,735818.440127315,2,1,-0.750103116035461,3.71276378631592,0,0.619526704490307
3043.21215479997,735818.440243056,2,1,-0.750103116035461,3.71211552619934,0,0.621610410622904
3053.22764728894,735818.440358796,2,1,-0.750103116035461,3.71114325523376,0,0.623697314181706
3063.22772788674,735818.440474537,2,1,-0.749923288822174,3.71049499511719,0,0.62578106586714
3073.24322230051,735818.440590278,2,1,-0.750462770462036,3.70952272415161,0,0.627868009270684
3083.25872458389,735818.440706018,2,1,-0.749923288822174,3.70903658866882,0,0.629954951238104
3093.2587662246,735818.440821759,2,1,-0.750103116035461,3.70822620391846,0,0.632038658148936
3103.25878658226,735818.4409375,2,1,-0.750103116035461,3.70741581916809,0,0.634122338372158
3113.27441208273,735818.441053241,2,1,-0.750103116035461,3.70676755905151,0,0.636206052407099
3123.27441235534,735818.441168981,2,1,-0.749923288822174,3.70595741271973,0,0.638293019428366
3133.27444053249,735818.441284722,2,1,-0.750103116035461,3.70530915260315,0,0.640376769924199
3143.28991593387,735818.441400463,2,1,-0.750103116035461,3.70449876785278,0,0.642463718736005
3153.30549783569,735818.441516204,2,1,-0.749923288822174,3.70417475700378,0,0.644550683910934
3163.30554078966,735818.441631945,2,1,-0.750103116035461,3.70320224761963,0,0.64663437349488
3173.32118330756,735818.441747685,2,1,-0.750103116035461,3.70239210128784,0,0.64872138173247
3183.33661208775,735818.441863426,2,1,-0.750103116035461,3.70158171653748,0,0.65080830365658
3193.33667089624,735818.441979167,2,1,-0.750103116035461,3.7009334564209,0,0.65289203829634
3203.35231736899,735818.442094907,2,1,-0.750282943248749,3.70012307167053,0,0.654979036453111
3213.36786534124,735818.442210648,2,1,-0.750103116035461,3.69947481155396,0,0.65706601443947
3223.36792200439,735818.442326389,2,1,-0.750103116035461,3.69866466522217,0,0.659149759940743
3233.38340521022,735818.44244213,2,1,-0.750103116035461,3.69817852973938,0,0.6612334067632
3243.38341492135,735818.44255787,2,1,-0.750282943248749,3.69720602035522,0,0.663320366866154
3253.3989731642,735818.442673611,2,1,-0.749923288822174,3.69671988487244,0,0.665407314596204
3263.39899011336,735818.442789352,2,1,-0.749923288822174,3.69607162475586,0,0.667491036195264
3273.41458172438,735818.442905093,2,1,-0.750103116035461,3.69526124000549,0,0.669578012377363
3283.41470416647,735818.443020833,2,1,-0.749923288822174,3.69461297988892,0,0.671661744671768
3293.43017183859,735818.443136574,2,1,-0.750103116035461,3.69380283355713,0,0.673748697710691
3303.44579115866,735818.443252315,2,1,-0.750103116035461,3.69315457344055,0,0.675835699119841
3313.46132041427,735818.443368056,2,1,-0.750103116035461,3.69250631332397,0,0.677919422369911
3323.46136152365,735818.443483796,2,1,-0.749923288822174,3.6915340423584,0,0.680006380418355
3333.47689743584,735818.443599537,2,1,-0.750103116035461,3.69088578224182,0,0.682093303521774
3343.49252062055,735818.443715278,2,1,-0.750282943248749,3.69039940834045,0,0.684180221120114
3353.49252101847,735818.443831019,2,1,-0.750103116035461,3.68975138664246,0,0.686263948262478
3363.50807464481,735818.443946759,2,1,-0.750103116035461,3.68910312652588,0,0.688350883747973
3373.50810326807,735818.4440625,2,1,-0.749923288822174,3.68829274177551,0,0.690434631215997
3383.52366752592,735818.444178241,2,1,-0.750103116035461,3.68764448165894,0,0.692521603897484
3393.53931656005,735818.444293982,2,1,-0.750103116035461,3.68699622154236,0,0.694608574837467
3403.53934514822,735818.444409722,2,1,-0.750282943248749,3.68618583679199,0,0.696692269630082
3413.55482613352,735818.444525463,2,1,-0.750103116035461,3.68553781509399,0,0.698776005007148
3423.57048198464,735818.444641204,2,1,-0.750103116035461,3.68505144119263,0,0.700866199397712
3433.58610999137,735818.444768519,2,1,-0.750282943248749,3.68407917022705,0,0.70294990768536
3443.60167026929,735818.444884259,2,1,-0.750103116035461,3.68343091011047,0,0.705040116473133
3453.61722107862,735818.445,2,1,-0.750103116035461,3.6827826499939,0,0.707123872913471
3463.63280504558,735818.445115741,2,1,-0.750103116035461,3.68213438987732,0,0.709210841048288
3473.63282774407,735818.445231481,2,1,-0.749923288822174,3.68148612976074,0,0.711297811313183
3483.63285514429,735818.445347222,2,1,-0.750103116035461,3.68099999427795,0,0.713381533220996
3493.64842166276,735818.445462963,2,1,-0.750103116035461,3.68018960952759,0,0.715468499089011
3503.66401636148,735818.445578704,2,1,-0.750103116035461,3.67954134941101,0,0.717555450178215
3513.66404860376,735818.445694444,2,1,-0.750282943248749,3.67873120307922,0,0.71963594670577
3523.67959589932,735818.445810185,2,1,-0.750103116035461,3.67808294296265,0,0.721726157142888
3533.69513636788,735818.445925926,2,1,-0.750282943248749,3.67759680747986,0,0.723809871321736
3543.69515068548,735818.446041667,2,1,-0.750103116035461,3.67678642272949,0,0.725896833593383
3553.71081048144,735818.446157407,2,1,-0.750103116035461,3.6763002872467,0,0.727983808014842
3563.72637632323,735818.446273148,2,1,-0.750462770462036,3.67548990249634,0,0.730070765142422
3573.72643320191,735818.446388889,2,1,-0.750103116035461,3.67500376701355,0,0.732154493213796
3583.74190706446,735818.44650463,2,1,-0.750103116035461,3.67435550689697,0,0.734238171577624
3593.75748557282,735818.44662037,2,1,-0.749923288822174,3.67386937141418,0,0.736325156437943
3603.75751988526,735818.446736111,2,1,-0.750282943248749,3.67289710044861,0,0.738412147450099
3613.77308458921,735818.446851852,2,1,-0.750282943248749,3.67241072654724,0,0.740495860935437
3623.78873438023,735818.446967593,2,1,-0.750103116035461,3.67176246643066,0,0.742586140691044
3633.78882875737,735818.447083333,2,1,-0.749923288822174,3.67143845558167,0,0.744669881197093
3643.80444578172,735818.447199074,2,1,-0.750103116035461,3.6706280708313,0,0.746756827576711
3653.81989580486,735818.447314815,2,1,-0.750103116035461,3.66997981071472,0,0.748843821020496
3663.83550111501,735818.447430556,2,1,-0.750103116035461,3.66933155059814,0,0.750930766104968
3673.85112635986,735818.447546296,2,1,-0.749923288822174,3.66868329048157,0,0.753017721560105
3683.866667064,735818.447662037,2,1,-0.750282943248749,3.66803526878357,0,0.75510465666477
3693.86666925638,735818.447777778,2,1,-0.750103116035461,3.6675488948822,0,0.757188404852561
3703.86670995975,735818.447893518,2,1,-0.750282943248749,3.66690063476562,0,0.759272145555681
3713.88224246846,735818.448009259,2,1,-0.750103116035461,3.66625261306763,0,0.761359135501353
3723.89773450631,735818.448125,2,1,-0.750103116035461,3.66576623916626,0,0.763442841007626
3733.89779773582,735818.448240741,2,1,-0.750103116035461,3.66511797904968,0,0.765529858857783
3743.89780283044,735818.448356482,2,1,-0.750103116035461,3.66446971893311,0,0.767613547605068
3753.91339977976,735818.448472222,2,1,-0.750103116035461,3.66382169723511,0,0.769700545962238
3763.9134116613,735818.448587963,2,1,-0.749923288822174,3.66317343711853,0,0.771781003404831
3773.92898937267,735818.448703704,2,1,-0.750282943248749,3.66268706321716,0,0.773871209379955
3783.9446053845,735818.448819444,2,1,-0.749923288822174,3.66203904151917,0,0.775958191772073
3793.96018154701,735818.448935185,2,1,-0.750282943248749,3.66139078140259,0,0.778045150294709
3803.97575984986,735818.449050926,2,1,-0.750103116035461,3.66074252128601,0,0.780132153099037
3813.99141079375,735818.449166667,2,1,-0.750103116035461,3.66009426116943,0,0.782219105370723
3824.00695202922,735818.449282407,2,1,-0.750103116035461,3.65960812568665,0,0.784306101043213
3834.00700816605,735818.449398148,2,1,-0.750103116035461,3.65912175178528,0,0.7863898534871
3844.02255860445,735818.449513889,2,1,-0.750103116035461,3.65863561630249,0,0.78847681287386
3854.03816140335,735818.44962963,2,1,-0.750103116035461,3.65798735618591,0,0.790563749580919
3864.05356566744,735818.44974537,2,1,-0.749923288822174,3.65750122070312,0,0.792621462859917
3874.05362914256,735818.449861111,2,1,-0.750103116035461,3.65685296058655,0,0.794734429738669
3884.05370005622,735818.449976852,2,1,-0.750282943248749,3.65604257583618,0,0.796818150166059
3894.05373274963,735818.450092593,2,1,-0.750282943248749,3.65555644035339,0,0.798901871200705
3904.06909221707,735818.450208333,2,1,-0.750282943248749,3.65507030487061,0,0.800988776687326
3914.06926328535,735818.450324074,2,1,-0.750103116035461,3.65458416938782,0,0.803069285046357
3924.06934532674,735818.450439815,2,1,-0.750103116035461,3.65409803390503,0,0.805156268853094
3934.08470514506,735818.450555556,2,1,-0.750103116035461,3.65344977378845,0,0.807243200563516
3944.08482511599,735818.450671296,2,1,-0.750103116035461,3.65280151367188,0,0.809326913332358
3954.08486148856,735818.450787037,2,1,-0.750282943248749,3.6521532535553,0,0.811410625756236
3964.10020942727,735818.450902778,2,1,-0.750103116035461,3.65166711807251,0,0.813497564734986
3974.10048461504,735818.451018519,2,1,-0.750103116035461,3.65118098258972,0,0.815581330873246
3984.11609767953,735818.451134259,2,1,-0.750282943248749,3.65037059783936,0,0.817668286538464
3994.13140484161,735818.45125,2,1,-0.750462770462036,3.64988446235657,0,0.819755140053193
4004.13151937398,735818.451365741,2,1,-0.750103116035461,3.64939832687378,0,0.82183561392993
4014.13153915019,735818.451481481,2,1,-0.749743461608887,3.64891195297241,0,0.823919270715431
4024.13158217936,735818.451597222,2,1,-0.749923288822174,3.64842581748962,0,0.826006204089296
4034.1470857309,735818.451712963,2,1,-0.750103116035461,3.64777755737305,0,0.828093118914149
4044.1628641475,735818.451828704,2,1,-0.750282943248749,3.64712929725647,0,0.830180095434556
4054.17832007535,735818.451944444,2,1,-0.750103116035461,3.64664316177368,0,0.832267007736836
4064.19394834773,735818.452060185,2,1,-0.750103116035461,3.64615702629089,0,0.834353937328023
4074.20952657038,735818.452175926,2,1,-0.750103116035461,3.64550876617432,0,0.836440890054941
4084.20953711859,735818.452291667,2,1,-0.750103116035461,3.64502263069153,0,0.838524563511615
4094.22510302053,735818.452407407,2,1,-0.750103116035461,3.64437437057495,0,0.840611509724201
4104.24072378922,735818.452523148,2,1,-0.750282943248749,3.64388823509216,0,0.842698445075292
4114.25630917472,735818.452638889,2,1,-0.750103116035461,3.6434018611908,0,0.844785391107676
4124.27194082051,735818.45275463,2,1,-0.750103116035461,3.6427538394928,0,0.846872384544913
4134.28748486798,735818.45287037,2,1,-0.750462770462036,3.64226746559143,0,0.848959284862544
4144.28749930088,735818.452986111,2,1,-0.750103116035461,3.64178133010864,0,0.851043040456984
4154.30300453161,735818.453101852,2,1,-0.750103116035461,3.64129519462585,0,0.85312997854037
4164.31873923425,735818.453217593,2,1,-0.750103116035461,3.64080905914307,0,0.855216950591489
4174.31883334573,735818.453333333,2,1,-0.749923288822174,3.64032292366028,0,0.85730068281528
4184.33424515362,735818.453449074,2,1,-0.750282943248749,3.63983654975891,0,0.859387592243936
4194.33425903013,735818.453564815,2,1,-0.750282943248749,3.63918828964233,0,0.861471318307818
4204.34984357353,735818.453680556,2,1,-0.750103116035461,3.63886427879333,0,0.863558256736394
4214.36539181144,735818.453796296,2,1,-0.750103116035461,3.63837814331055,0,0.865645221905946
4224.38099858024,735818.453912037,2,1,-0.750282943248749,3.63772988319397,0,0.867732198900586
4234.39658453716,735818.454027778,2,1,-0.749923288822174,3.63724374771118,0,0.869819110630687
4244.3966275563,735818.454143518,2,1,-0.749923288822174,3.6369194984436,0,0.871902833051518
4254.41220896188,735818.454259259,2,1,-0.750103116035461,3.63627123832703,0,0.873989797297503
4264.42761383248,735818.454375,2,1,-0.750282943248749,3.63562297821045,0,0.876076671601374
4274.42774960278,735818.454490741,2,1,-0.750103116035461,3.63529896736145,0,0.878160412584269
4284.44335007087,735818.454606481,2,1,-0.750103116035461,3.63465070724487,0,0.880244086279786
4294.44342162614,735818.454722222,2,1,-0.750103116035461,3.63416457176208,0,0.882331035845536
4304.45899829491,735818.454837963,2,1,-0.750103116035461,3.63384032249451,0,0.884414734458303
4314.4745295505,735818.454953704,2,1,-0.749923288822174,3.63335418701172,0,0.886504914774165
4324.49012753239,735818.455069444,2,1,-0.749923288822174,3.63286805152893,0,0.888591931297245
4334.50574432617,735818.455185185,2,1,-0.749923288822174,3.63238191604614,0,0.890678876436553
4344.52137033291,735818.455300926,2,1,-0.750103116035461,3.63189578056335,0,0.892765851946121
4354.53693093665,735818.455416667,2,1,-0.750103116035461,3.63124752044678,0,0.894852843514243
4364.55255225169,735818.455532407,2,1,-0.750282943248749,3.63076114654541,0,0.896939809061729
4374.56815760696,735818.455648148,2,1,-0.750282943248749,3.63043713569641,0,0.899026784206345
4384.58372083223,735818.455775463,2,1,-0.750103116035461,3.62978887557983,0,0.901113698243245
4394.5993504229,735818.455891204,2,1,-0.750103116035461,3.62946486473083,0,0.903200631186613
4404.6149574724,735818.456006944,2,1,-0.750282943248749,3.62897849082947,0,0.90528755599089
4414.63056591536,735818.456122685,2,1,-0.750103116035461,3.62849235534668,0,0.907374505225825
4424.64604240446,735818.456238426,2,1,-0.750103116035461,3.62800621986389,0,0.909461407035464
4434.64615683157,735818.456354167,2,1,-0.750103116035461,3.6275200843811,0,0.911545148982421
4444.66182653722,735818.456469907,2,1,-0.750103116035461,3.62719583511353,0,0.91363207824136
4454.6772988459,735818.456585648,2,1,-0.750103116035461,3.62687182426453,0,0.915718987338397
4464.69288422137,735818.456701389,2,1,-0.750103116035461,3.62622356414795,0,0.917802708369988
4474.70855940568,735818.45681713,2,1,-0.750103116035461,3.62573742866516,0,0.91989293985358
4484.72417906159,735818.45693287,2,1,-0.749923288822174,3.62525129318237,0,0.921979874623623
4494.73971151015,735818.457048611,2,1,-0.750103116035461,3.62476491928101,0,0.924066800592782
4504.75550068355,735818.457164352,2,1,-0.750103116035461,3.62427878379822,0,0.926153758293423
4514.770769074,735818.457280093,2,1,-0.750103116035461,3.62379264831543,0,0.928237434178104
4524.77084397761,735818.457395833,2,1,-0.750282943248749,3.62346863746643,0,0.930321130216647
4534.77087587904,735818.457511574,2,1,-0.750282943248749,3.62282037734985,0,0.932404834017759
4544.77094521878,735818.457627315,2,1,-0.750103116035461,3.62249612808228,0,0.934491824156309
4554.78645787301,735818.457743056,2,1,-0.750103116035461,3.62200999259949,0,0.936578769440183
4564.78666830439,735818.457858796,2,1,-0.750103116035461,3.62168598175049,0,0.938662465814194
4574.80203910007,735818.457974537,2,1,-0.749923288822174,3.62136173248291,0,0.940749417025633
4584.81765188385,735818.458090278,2,1,-0.750282943248749,3.62038946151733,0,0.942836385480703
4594.8332302268,735818.458206019,2,1,-0.750103116035461,3.62022733688354,0,0.944923389671279
4604.83333752615,735818.458321759,2,1,-0.750103116035461,3.61957907676697,0,0.947007160953818
4614.84880219077,735818.4584375,2,1,-0.750103116035461,3.61925506591797,0,0.949094057142095
4624.86439365642,735818.458553241,2,1,-0.750103116035461,3.61893081665039,0,0.951181013341263
4634.87996138793,735818.458668981,2,1,-0.750103116035461,3.61828255653381,0,0.953264715251211
4644.88000175044,735818.458784722,2,1,-0.750103116035461,3.61779642105103,0,0.955351682582835
4654.89555974267,735818.458900463,2,1,-0.750103116035461,3.61714816093445,0,0.957435407008768
4664.91126729765,735818.459016204,2,1,-0.750282943248749,3.61682415008545,0,0.959525624741457
4674.92667662436,735818.459131944,2,1,-0.750103116035461,3.61649990081787,0,0.961609306532038
4684.92677178846,735818.459247685,2,1,-0.750103116035461,3.61601376533508,0,0.963696317959745
4694.94248251134,735818.459363426,2,1,-0.750103116035461,3.61552762985229,0,0.965783313489524
4704.95785403884,735818.459479167,2,1,-0.750103116035461,3.61504149436951,0,0.967870183274052
4714.95800917742,735818.459594907,2,1,-0.750103116035461,3.61455512046814,0,0.969953935649746
4724.95806392078,735818.459710648,2,1,-0.750103116035461,3.61406898498535,0,0.972034388439206
4734.97354022942,735818.459826389,2,1,-0.750103116035461,3.61374497413635,0,0.974124565783362
4744.98925493222,735818.45994213,2,1,-0.750282943248749,3.61309671401978,0,0.976211560990502
4755.00464259995,735818.46005787,2,1,-0.750103116035461,3.6127724647522,0,0.978295265389709
4765.02030357384,735818.460173611,2,1,-0.750103116035461,3.61228632926941,0,0.980382230598174
4775.03602899835,735818.460289352,2,1,-0.750103116035461,3.61180019378662,0,0.982472465087531
4785.05140470627,735818.460405093,2,1,-0.750282943248749,3.61131405830383,0,0.98455613933351
4795.0516013132,735818.460520833,2,1,-0.750103116035461,3.61082792282104,0,0.986643114008702
4805.06719586655,735818.460636574,2,1,-0.750103116035461,3.61017966270447,0,0.988730067739001
4815.08284585807,735818.460752315,2,1,-0.750282943248749,3.60985541343689,0,0.99081704000572
4825.09819355116,735818.460868056,2,1,-0.750103116035461,3.6093692779541,0,0.99290073816865
4835.09841787216,735818.460983796,2,1,-0.750103116035461,3.60872101783752,0,0.994987685610939
4845.11390680728,735818.461099537,2,1,-0.750103116035461,3.60839700698853,0,0.997071388752695
4855.12971411588,735818.461215278,2,1,-0.750282943248749,3.60791063308716,0,0.999161641176663
4865.14518203862,735818.461331018,2,1,-0.750103116035461,3.60758662223816,0,1.00124854590328
4875.16083640104,735818.461446759,2,1,-0.750103116035461,3.60677623748779,0,1.00333555232635
4885.17616755792,735818.4615625,2,1,-0.750103116035461,3.606290102005,0,1.00541920972289
4895.17619484786,735818.461678241,2,1,-0.750103116035461,3.60596609115601,0,1.00750293469427
4905.17622733575,735818.461793981,2,1,-0.749923288822174,3.60547971725464,0,1.00958992515098
4915.19185296655,735818.461909722,2,1,-0.750103116035461,3.60483145713806,0,1.01167689155552
4925.19188656221,735818.462025463,2,1,-0.750103116035461,3.60434532165527,0,1.01376065998897
4935.20742919615,735818.462141204,2,1,-0.749923288822174,3.60385918617249,0,1.01584760368462
4945.20751696182,735818.462256944,2,1,-0.750103116035461,3.6033730506897,0,1.01793133698425
4955.22312325944,735818.462372685,2,1,-0.749923288822174,3.60288691520691,0,1.02001832241445
4965.23871528649,735818.462488426,2,1,-0.750103116035461,3.60240077972412,0,1.02210529746334
4975.25428790016,735818.462604167,2,1,-0.750282943248749,3.60159039497375,0,1.02419229889069
4985.26974498589,735818.462719907,2,1,-0.750103116035461,3.60126614570618,0,1.02627601586707
4995.26977959407,735818.462835648,2,1,-0.749923288822174,3.60078001022339,0,1.02836298134051
5005.26990218152,735818.462951389,2,1,-0.750103116035461,3.6002938747406,0,1.03044674647558
5015.28552176726,735818.46306713,2,1,-0.750103116035461,3.59964561462402,0,1.03253369454848
5025.30094311392,735818.46318287,2,1,-0.749923288822174,3.59915947914124,0,1.03462061998495
5035.31659690992,735818.463298611,2,1,-0.750282943248749,3.59851121902466,0,1.03670760053162
5045.31664535258,735818.463414352,2,1,-0.750282943248749,3.59802508354187,0,1.03879132637285
5055.33209756617,735818.463530093,2,1,-0.750282943248749,3.59737682342529,0,1.04087509440587
5065.34777875544,735818.463645833,2,1,-0.750103116035461,3.5968906879425,0,1.04296529948044
5075.36334878768,735818.463761574,2,1,-0.750103116035461,3.59640431404114,0,1.04505232343024
5085.36341444323,735818.463877315,2,1,-0.750103116035461,3.59575629234314,0,1.04713604628787
5095.37895364362,735818.463993056,2,1,-0.750282943248749,3.59510803222656,0,1.04922304467752
5105.37900256748,735818.464108796,2,1,-0.750103116035461,3.5946216583252,0,1.0513067830284
5115.39458276505,735818.464224537,2,1,-0.750103116035461,3.59397339820862,0,1.05339377443861
5125.4101646017,735818.464340278,2,1,-0.750103116035461,3.59348726272583,0,1.05548076886183
5135.42567176224,735818.464456019,2,1,-0.750282943248749,3.59267711639404,0,1.05756768211159
5145.42575606427,735818.464571759,2,1,-0.750103116035461,3.59235286712646,0,1.05965146694427
5155.44134121418,735818.4646875,2,1,-0.750282943248749,3.59170460700989,0,1.06173843821701
5165.45688738194,735818.464803241,2,1,-0.750282943248749,3.59105634689331,0,1.06382542245922
5175.4724651284,735818.464918982,2,1,-0.750282943248749,3.59057021141052,0,1.06591238333392
5185.48804722069,735818.465034722,2,1,-0.750282943248749,3.59008407592773,0,1.06799934503073
5195.5036732926,735818.465150463,2,1,-0.750103116035461,3.58927369117737,0,1.07008630885188
5205.5193309833,735818.465266204,2,1,-0.750282943248749,3.58878755569458,0,1.07217003353972
5215.53493396766,735818.465381944,2,1,-0.750103116035461,3.58830142021179,0,1.0742603291771
5225.55049799994,735818.465497685,2,1,-0.750282943248749,3.58749103546143,0,1.07634726604967
5235.56610393666,735818.465613426,2,1,-0.750282943248749,3.58684277534485,0,1.0784342448371
5245.58173422908,735818.465740741,2,1,-0.750103116035461,3.58635663986206,0,1.08052123411218
5255.59734657177,735818.465856481,2,1,-0.750103116035461,3.58570837974548,0,1.08260820368474
5265.61297850829,735818.465972222,2,1,-0.750282943248749,3.58506011962891,0,1.08469518942361
5275.62854383379,735818.466087963,2,1,-0.750103116035461,3.58441185951233,0,1.08678220653385
5285.62857169014,735818.466203704,2,1,-0.749923288822174,3.58392572402954,0,1.08886592850629
5295.6439165211,735818.466319444,2,1,-0.750282943248749,3.58311557769775,0,1.09094962729289
5305.64400242713,735818.466435185,2,1,-0.749923288822174,3.58262920379639,0,1.09303659041432
5315.65963660423,735818.466550926,2,1,-0.750282943248749,3.5818190574646,0,1.09512361752915
5325.65966414981,735818.466666667,2,1,-0.749923288822174,3.58133268356323,0,1.09720733594431
5335.67515046339,735818.466782407,2,1,-0.750103116035461,3.58052253723145,0,1.09929107156585
5345.67531635376,735818.466898148,2,1,-0.750103116035461,3.58003640174866,0,1.10137807595095
5355.69076502854,735818.467013889,2,1,-0.749923288822174,3.57922601699829,0,1.10346505081628
5365.70645988186,735818.46712963,2,1,-0.750103116035461,3.5787398815155,0,1.1055520457688
5375.72203210957,735818.46724537,2,1,-0.750103116035461,3.57792949676514,0,1.10763901160515
5385.73745587727,735818.467361111,2,1,-0.750103116035461,3.57728123664856,0,1.10972268956778
5395.7532165346,735818.467476852,2,1,-0.750462770462036,3.57647109031677,0,1.11181295245621
5405.75342237955,735818.467592593,2,1,-0.750103116035461,3.5758228302002,0,1.11389671036968
5415.76888546023,735818.467708333,2,1,-0.749923288822174,3.57549858093262,0,1.11598365896747
5425.7688871263,735818.467824074,2,1,-0.750282943248749,3.57436418533325,0,1.11806737082014
5435.76904819967,735818.467939815,2,1,-0.750282943248749,3.57387804985046,0,1.12015114710839
5445.78428670564,735818.468055556,2,1,-0.750282943248749,3.57322978973389,0,1.1222380445353
5455.7998981962,735818.468171296,2,1,-0.750103116035461,3.57241940498352,0,1.12432501897553
5465.81556555099,735818.468287037,2,1,-0.749923288822174,3.57193326950073,0,1.1264120027257
5475.83101289746,735818.468402778,2,1,-0.750282943248749,3.57112288475037,0,1.12849572042044
5485.8311449535,735818.468518518,2,1,-0.750103116035461,3.57015061378479,0,1.13058270769351
5495.83116991765,735818.468634259,2,1,-0.749923288822174,3.569664478302,0,1.13266639704348
5505.8312125408,735818.46875,2,1,-0.750282943248749,3.56885409355164,0,1.13475018142836
5515.846688268,735818.468865741,2,1,-0.750103116035461,3.56804394721985,0,1.136837123214
5525.86223568888,735818.468981482,2,1,-0.750103116035461,3.56739568710327,0,1.13892412101446
5535.86224745011,735818.469097222,2,1,-0.750282943248749,3.56674742698669,0,1.14100777525017
5545.87776852533,735818.469212963,2,1,-0.750103116035461,3.56593704223633,0,1.14309147232718
5555.8778429728,735818.469328704,2,1,-0.750103116035461,3.56528878211975,0,1.14517845626033
5565.87784917017,735818.469444444,2,1,-0.750282943248749,3.56431651115417,0,1.14726214254706
5575.893242096,735818.469560185,2,1,-0.750103116035461,3.5636682510376,0,1.14934587201821
5585.90900730467,735818.469675926,2,1,-0.750103116035461,3.56285786628723,0,1.15143611459725
5595.92447063598,735818.469791667,2,1,-0.750282943248749,3.56204748153687,0,1.15352304058001
5605.92448940467,735818.469907407,2,1,-0.750103116035461,3.56156134605408,0,1.1556035240898
5615.92449316597,735818.470023148,2,1,-0.750103116035461,3.56075119972229,0,1.15769051894822
5625.92461596896,735818.470138889,2,1,-0.750103116035461,3.55994081497192,0,1.15977427794068
5635.94012884374,735818.47025463,2,1,-0.749923288822174,3.55913043022156,0,1.16186125718798
5645.9557503242,735818.47037037,2,1,-0.750282943248749,3.55815815925598,0,1.16394823018506
5655.97120228717,735818.470486111,2,1,-0.750103116035461,3.5575098991394,0,1.16603513045683
5665.97131367671,735818.470601852,2,1,-0.750282943248749,3.55669951438904,0,1.16811887447043
5675.98691166361,735818.470717593,2,1,-0.750103116035461,3.55605125427246,0,1.17020586953777
5685.98700449189,735818.470833333,2,1,-0.750282943248749,3.55507898330688,0,1.17228963076972
5696.00245664032,735818.470949074,2,1,-0.750103116035461,3.55426859855652,0,1.17437656063533
5706.01801204109,735818.471064815,2,1,-0.750103116035461,3.55329632759094,0,1.1764603069665
5716.01802139633,735818.471180556,2,1,-0.750282943248749,3.55248594284058,0,1.1785472406973
5726.03380008861,735818.471296296,2,1,-0.750103116035461,3.55167579650879,0,1.18063422274048
5736.04919459338,735818.471412037,2,1,-0.750103116035461,3.55086541175842,0,1.1827178917013
5746.06489352186,735818.471527778,2,1,-0.750282943248749,3.55005502700806,0,1.18480814151865
5756.0804815339,735818.471643519,2,1,-0.750103116035461,3.54908275604248,0,1.18689186232195
5766.08052585128,735818.471759259,2,1,-0.750103116035461,3.5481104850769,0,1.18897889849092
5776.09611944724,735818.471875,2,1,-0.750103116035461,3.54730010032654,0,1.19106587118594
5786.11170852695,735818.471990741,2,1,-0.750103116035461,3.54648971557617,0,1.19315282220767
5796.12718446467,735818.472106481,2,1,-0.750103116035461,3.54567956924438,0,1.1952397770167
5806.14283009031,735818.472222222,2,1,-0.750103116035461,3.54486918449402,0,1.19732674413536
5816.14284282898,735818.472337963,2,1,-0.750282943248749,3.54373478889465,0,1.19941046723168
5826.15826851145,735818.472453704,2,1,-0.750282943248749,3.5427622795105,0,1.20149421963779
5836.15828288419,735818.472569444,2,1,-0.750282943248749,3.54195213317871,0,1.20357797038251
5846.17400731624,735818.472685185,2,1,-0.750103116035461,3.54097962379456,0,1.20566817011784
5856.18963953346,735818.472800926,2,1,-0.750103116035461,3.54000735282898,0,1.2077551594182
5866.20523511938,735818.472916667,2,1,-0.750103116035461,3.5390350818634,0,1.20984212198952
5876.20525631914,735818.473032407,2,1,-0.750282943248749,3.53806257247925,0,1.21192585853419
5886.20525885238,735818.473148148,2,1,-0.750103116035461,3.53725242614746,0,1.21400960485127
5896.22059929239,735818.473263889,2,1,-0.750103116035461,3.5361180305481,0,1.21609331181196
5906.22061291828,735818.47337963,2,1,-0.750103116035461,3.53514552116394,0,1.21817701602007
5916.22075561585,735818.47349537,2,1,-0.750103116035461,3.53417325019836,0,1.22026395724353
5926.23617491741,735818.473611111,2,1,-0.750103116035461,3.53320074081421,0,1.22235089980506
5936.23621139525,735818.473726852,2,1,-0.750103116035461,3.53206634521484,0,1.22443139353743
5946.25189451433,735818.473842593,2,1,-0.749923288822174,3.53109407424927,0,1.22652159926233
5956.26733265285,735818.473958333,2,1,-0.750282943248749,3.53012156486511,0,1.22860531563543
5966.26749917479,735818.474074074,2,1,-0.750103116035461,3.52882528305054,0,1.230692294636
5976.28306342762,735818.474189815,2,1,-0.750103116035461,3.52785277366638,0,1.23277926276441
5986.29859350027,735818.474305556,2,1,-0.750103116035461,3.52671837806702,0,1.23486301006367
5996.31435192203,735818.474421296,2,1,-0.750103116035461,3.52574610710144,0,1.23695326164574
6006.32995904169,735818.474537037,2,1,-0.750103116035461,3.52461171150208,0,1.2390402011959
6016.34548393142,735818.474652778,2,1,-0.750103116035461,3.52347731590271,0,1.24112715759968
6026.36084574471,735818.474768518,2,1,-0.750103116035461,3.52218079566956,0,1.24321408384798
6036.36110562934,735818.474884259,2,1,-0.750103116035461,3.52104640007019,0,1.24529784099423
6046.37674558084,735818.475,2,1,-0.749923288822174,3.52007389068604,0,1.24738480927951
6056.39210368488,735818.475115741,2,1,-0.750103116035461,3.51861548423767,0,1.24946851879612
6066.39215212754,735818.475231481,2,1,-0.750103116035461,3.51748085021973,0,1.2515554875845
6076.40781693598,735818.475347222,2,1,-0.750103116035461,3.51618456840515,0,1.25364247628201
6086.4232544329,735818.475462963,2,1,-0.750282943248749,3.51504993438721,0,1.2557261822373
6096.42343972162,735818.475578704,2,1,-0.750282943248749,3.51359152793884,0,1.25781316574639
6106.43908746754,735818.475694444,2,1,-0.750282943248749,3.51229500770569,0,1.25990015520963
6116.45445014298,735818.475810185,2,1,-0.750103116035461,3.51099848747253,0,1.26198384883762
6126.45457525672,735818.475925926,2,1,-0.750103116035461,3.50970196723938,0,1.26407078806886
6136.47020727344,735818.476041667,2,1,-0.750282943248749,3.50824356079102,0,1.26615779255303
6146.48572489004,735818.476157407,2,1,-0.750103116035461,3.50694704055786,0,1.26824478219519
6156.50133171898,735818.476273148,2,1,-0.749923288822174,3.50548839569092,0,1.27033177518365
6166.51691094914,735818.476388889,2,1,-0.750103116035461,3.50402998924255,0,1.27241544071521
6176.53266036846,735818.47650463,2,1,-0.750282943248749,3.50240921974182,0,1.27450570237042
6186.54818090233,735818.47662037,2,1,-0.750103116035461,3.50111293792725,0,1.27659266997219
6196.56354381837,735818.476736111,2,1,-0.750103116035461,3.49949216842651,0,1.27867631464444
6206.56373133263,735818.476851852,2,1,-0.750282943248749,3.49787163734436,0,1.2807633396181
6216.57918885446,735818.476979167,2,1,-0.750282943248749,3.49641299247742,0,1.28284705148746
6226.59474509231,735818.477094907,2,1,-0.750103116035461,3.49463033676147,0,1.28493727174744
6236.5948151739,735818.477210648,2,1,-0.750282943248749,3.49317193031311,0,1.28701782037897
6246.594894288,735818.477326389,2,1,-0.750103116035461,3.49138927459717,0,1.2891047917303
6256.61027110368,735818.47744213,2,1,-0.750282943248749,3.48944449424744,0,1.29118844538108
6266.61033977174,735818.47755787,2,1,-0.750282943248749,3.48782396316528,0,1.29327546761737
6276.62608686026,735818.477673611,2,1,-0.750282943248749,3.48587918281555,0,1.29536248709117
6286.64142103967,735818.477789352,2,1,-0.750282943248749,3.48409652709961,0,1.29744934634234
6296.64162415282,735818.477905093,2,1,-0.749923288822174,3.48231387138367,0,1.29952982761781
6306.64163273613,735818.478020833,2,1,-0.750103116035461,3.48020696640015,0,1.30161676149218
6316.65727174027,735818.478136574,2,1,-0.750103116035461,3.4784243106842,0,1.30370372100603
6326.67280692064,735818.478252315,2,1,-0.750103116035461,3.47631764411926,0,1.30579067603696
6336.68841979465,735818.478368056,2,1,-0.750282943248749,3.47421073913574,0,1.30787764226438
6346.68842407223,735818.478483796,2,1,-0.750103116035461,3.47226619720459,0,1.30995806955126
6356.68853553195,735818.478599537,2,1,-0.750103116035461,3.47015929222107,0,1.31204506744883
6366.70404090302,735818.478715278,2,1,-0.750282943248749,3.46772837638855,0,1.31413201117481
6376.71951336709,735818.478831019,2,1,-0.749923288822174,3.46578359603882,0,1.31621575127679
6386.71972728717,735818.478946759,2,1,-0.750462770462036,3.4630286693573,0,1.31830278017076
6396.7352838358,735818.4790625,2,1,-0.749923288822174,3.46108388900757,0,1.32038970569604
6406.75075014452,735818.479178241,2,1,-0.750282943248749,3.45832896232605,0,1.32247665772744
6416.76644243145,735818.479293981,2,1,-0.750103116035461,3.45605993270874,0,1.32456365254638
6426.78196381744,735818.479409722,2,1,-0.749923288822174,3.45362901687622,0,1.32665062345507
6436.79755367409,735818.479525463,2,1,-0.750282943248749,3.45071196556091,0,1.32873758827406
6446.81309293463,735818.479641204,2,1,-0.750103116035461,3.44811916351318,0,1.33082128172157
6456.81310914194,735818.479756944,2,1,-0.750282943248749,3.44536399841309,0,1.33290827847324
6466.82865083856,735818.479872685,2,1,-0.750282943248749,3.44260907173157,0,1.33499202840338
6476.84445077378,735818.479988426,2,1,-0.750103116035461,3.43969202041626,0,1.33708228679148
6486.8597895296,735818.480104167,2,1,-0.750103116035461,3.43677473068237,0,1.3391659794777
6496.87554334989,735818.480219907,2,1,-0.750103116035461,3.43369579315186,0,1.34125621161506
6506.89115613368,735818.480335648,2,1,-0.750282943248749,3.43045449256897,0,1.34334317462344
6516.90674577979,735818.480451389,2,1,-0.750282943248749,3.42721319198608,0,1.34543013366637
6526.92241721977,735818.48056713,2,1,-0.750282943248749,3.42381000518799,0,1.34751713232072
6536.93818213772,735818.48068287,2,1,-0.750103116035461,3.42073082923889,0,1.34960411491469
6546.95346050303,735818.480798611,2,1,-0.750282943248749,3.41684126853943,0,1.35168777387643
6556.95354953184,735818.480914352,2,1,-0.750103116035461,3.41327595710754,0,1.35377477088989
6566.96905261221,735818.481030093,2,1,-0.750103116035461,3.40971064567566,0,1.35586169895183
6576.9846625489,735818.481145833,2,1,-0.750282943248749,3.40565919876099,0,1.35794869220278
6586.9848230358,735818.481261574,2,1,-0.750282943248749,3.40160775184631,0,1.36003244578878
6597.00024773081,735818.481377315,2,1,-0.750103116035461,3.39771819114685,0,1.36211939812015
6607.0160196061,735818.481493056,2,1,-0.750282943248749,3.3933424949646,0,1.36420642624158
6617.0313418608,735818.481608796,2,1,-0.749923288822174,3.38896703720093,0,1.36629014537924
6627.0314115063,735818.481724537,2,1,-0.750282943248749,3.38442921638489,0,1.36837386412843
6637.03141278641,735818.481840278,2,1,-0.750282943248749,3.37972950935364,0,1.37046085265332
6647.03153521847,735818.481956018,2,1,-0.750103116035461,3.37470555305481,0,1.37254462634863
6657.04707408303,735818.482071759,2,1,-0.750103116035461,3.36968183517456,0,1.37463156259081
6667.06265736328,735818.4821875,2,1,-0.750103116035461,3.36433386802673,0,1.37671858420012
6677.07807487037,735818.482303241,2,1,-0.750282943248749,3.35898590087891,0,1.37880231055219
6687.07812999468,735818.482418981,2,1,-0.750103116035461,3.35315155982971,0,1.38088602036735
6697.07814579599,735818.482534722,2,1,-0.749923288822174,3.34715533256531,0,1.38297301755308
6707.07817391299,735818.482650463,2,1,-0.750282943248749,3.3408350944519,0,1.38505678797857
6717.07828405943,735818.482766204,2,1,-0.750103116035461,3.33451461791992,0,1.38714058834522
6727.09365131629,735818.482881944,2,1,-0.750282943248749,3.32770800590515,0,1.38922429119753
6737.10943707618,735818.482997685,2,1,-0.750103116035461,3.32057738304138,0,1.39131457607811
6747.12491074324,735818.483113426,2,1,-0.750103116035461,3.31296062469482,0,1.3934015245161
6757.14052680018,735818.483229167,2,1,-0.750103116035461,3.30534386634827,0,1.39548848428657
6767.15606758954,735818.483344907,2,1,-0.750282943248749,3.29691672325134,0,1.39757544825724
6777.17190639664,735818.483460648,2,1,-0.750103116035461,3.28832745552063,0,1.39966244824457
6787.18735814407,735818.483576389,2,1,-0.750103116035461,3.27925205230713,0,1.40174938040446
6797.20276406228,735818.48369213,2,1,-0.750103116035461,3.26952838897705,0,1.4038330499523
6807.20291702544,735818.48380787,2,1,-0.750282943248749,3.2591564655304,0,1.40592005837457
6817.21851268153,735818.483923611,2,1,-0.749923288822174,3.24846053123474,0,1.40800700023141
6827.234035862,735818.484039352,2,1,-0.749923288822174,3.23679208755493,0,1.41009068296343
6837.24975547203,735818.484155093,2,1,-0.750282943248749,3.22431349754333,0,1.41218092904369
6847.26554321186,735818.484270833,2,1,-0.749923288822174,3.21102452278137,0,1.41426794570423
6857.28075575311,735818.484386574,2,1,-0.750103116035461,3.19660115242004,0,1.41635163314183
6867.28086396473,735818.484502315,2,1,-0.750282943248749,3.18088126182556,0,1.41843862878399
6877.2964352551,735818.484618056,2,1,-0.750282943248749,3.16354084014893,0,1.42052236994036
6887.31215528117,735818.484733796,2,1,-0.750103116035461,3.14457964897156,0,1.42261260287741
6897.32765929386,735818.484849537,2,1,-0.750103116035461,3.12367391586304,0,1.4246995509818
6907.32780232225,735818.484965278,2,1,-0.750103116035461,3.09968900680542,0,1.42678332897409
6917.34337710633,735818.485081019,2,1,-0.750103116035461,3.07181453704834,0,1.42887031102169
6927.35886772063,735818.485196759,2,1,-0.750103116035461,3.03778195381165,0,1.43095404867817
6937.35889239906,735818.4853125,2,1,-0.750462770462036,2.99143266677856,0,1.43304126995624
6947.37456736282,735818.485428241,2,1,-0.750282943248749,2.92109823226929,0,1.43512845666908
6957.39010125498,735818.485543981,2,1,-0.750282943248749,2.79015350341797,0,1.43721229430301
6959.37459593634,735818.48556713,2,1,-0.750103116035461,2.7496383190155,0,1.43762910050944
6959.56252810652,735818.485578704,3,1,-0.000793800922110677,2.82191729545593,0,1.43762914187173
6969.56271709569,735818.485694444,4,1,0,3.00115609169006,0,1.43762914187173
6979.57824251173,735818.485810185,4,1,0,3.02886843681335,0,1.43762914187173
6989.59380041373,735818.485925926,4,1,0,3.04701924324036,0,1.43762914187173
6999.60944949798,735818.486041667,4,1,0,3.06030821800232,0,1.43762914187173
7009.62495905951,735818.486157407,4,1,0,3.07116627693176,0,1.43762914187173
7019.6249712067,735818.486273148,4,1,0,3.08007955551147,0,1.43762914187173
7029.62498986513,735818.486388889,4,1,0,3.08769655227661,0,1.43762914187173
7039.64061736559,735818.48650463,4,1,0,3.0941789150238,0,1.43762914187173
7049.65611807505,735818.48662037,4,1,0,3.09968900680542,0,1.43762914187173
7059.67179460772,735818.486736111,4,1,0,3.10471296310425,0,1.43762914187173
7069.68709138893,735818.486851852,4,1,0,3.10908842086792,0,1.43762914187173
7079.68721544002,735818.486967593,4,1,0,3.11297798156738,0,1.43762914187173
7089.68725332136,735818.487083333,4,1,0,3.11686730384827,0,1.43762914187173
7099.68738071078,735818.487199074,4,1,0,3.12010860443115,0,1.43762914187173
7109.70289785119,735818.487314815,4,1,0,3.12302565574646,0,1.43762914187173
7119.71843903653,735818.487430556,4,1,0,3.12578082084656,0,1.43762914187173
7129.73420021014,735818.487546296,4,1,0,3.12837362289429,0,1.43762914187173
7139.74965704526,735818.487662037,4,1,0,3.13080453872681,0,1.43762914187173
7149.76528299686,735818.487777778,4,1,0,3.13323545455933,0,1.43762914187173
7159.78100779482,735818.487893519,4,1,0,3.13518023490906,0,1.43762914187173
7169.79631955837,735818.488009259,4,1,0,3.137286901474,0,1.43762914187173
7179.79648495752,735818.488125,4,1,0,3.13923168182373,0,1.43762914187173
7189.8120453808,735818.488240741,4,1,0,3.14101433753967,0,1.43762914187173
7199.82770515169,735818.488356482,4,1,0,3.14279699325562,0,1.43762914187173
7209.84325783569,735818.488472222,4,1,0,3.14457964897156,0,1.43762914187173
7219.85885685517,735818.488587963,4,1,0,3.1463623046875,0,1.43762914187173
7229.85890119259,735818.488703704,4,1,0,3.14765882492065,0,1.43762914187173
7239.87444849819,735818.488819444,4,1,0,3.1491174697876,0,1.43762914187173
7249.8745278178,735818.488935185,4,1,0,3.15057587623596,0,1.43762914187173
7259.89002133433,735818.489050926,4,1,0,3.15219664573669,0,1.43762914187173
7269.90568511522,735818.489166667,4,1,0,3.15349316596985,0,1.43762914187173
7279.92126378397,735818.489282407,4,1,0,3.15478944778442,0,1.43762914187173
7289.93680270367,735818.489398148,4,1,0,3.15608596801758,0,1.43762914187173
7299.93684340703,735818.489513889,4,1,0,3.15738248825073,0,1.43762914187173
7309.95238770513,735818.48962963,4,1,0,3.15884113311768,0,1.43762914187173
7319.96795323615,735818.48974537,4,1,0,3.15965127944946,0,1.43762914187173
7329.96799200971,735818.489861111,4,1,0,3.16078567504883,0,1.43762914187173
7339.98358090395,735818.489976852,4,1,0,3.16192030906677,0,1.43762914187173
7349.99915279081,735818.490092593,4,1,0,3.16289258003235,0,1.43762914187173
7359.99926696228,735818.490208333,4,1,0,3.1641891002655,0,1.43762914187173
7370.01473721584,735818.490324074,4,1,0,3.16516137123108,0,1.43762914187173
7380.03033311253,735818.490439815,4,1,0,3.16629576683044,0,1.43762914187173
7390.04601862257,735818.490555556,4,1,0,3.1672682762146,0,1.43762914187173
7400.06169946097,735818.490671296,4,1,0,3.16824054718018,0,1.43762914187173
7410.07704098369,735818.490787037,4,1,0,3.16921305656433,0,1.43762914187173
7420.07723997656,735818.490902778,4,1,0,3.17002320289612,0,1.43762914187173
7430.09269425029,735818.491018519,4,1,0,3.17115759849548,0,1.43762914187173
7440.10819617779,735818.491134259,4,1,0,3.17213010787964,0,1.43762914187173
7450.10833670495,735818.49125,4,1,0,3.17294025421143,0,1.43762914187173
7460.12403034024,735818.491365741,4,1,0,3.17375063896179,0,1.43762914187173
7470.13946852888,735818.491481481,4,1,0,3.17439889907837,0,1.43762914187173
7480.1394979792,735818.491597222,4,1,0,3.17537117004395,0,1.43762914187173
7490.15504544018,735818.491712963,4,1,0,3.17618155479431,0,1.43762914187173
7500.15508374256,735818.491828704,4,1,0,3.17715382575989,0,1.43762914187173
7510.17070306765,735818.491944444,4,1,0,3.17796421051025,0,1.43762914187173
7520.18653962415,735818.492060185,4,1,0,3.17877459526062,0,1.43762914187173
7530.20191102132,735818.492175926,4,1,0,3.17958474159241,0,1.43762914187173
7540.2174221718,735818.492291667,4,1,0,3.18039512634277,0,1.43762914187173
7550.21750905527,735818.492407407,4,1,0,3.18104338645935,0,1.43762914187173
7560.23307902234,735818.492523148,4,1,0,3.18169164657593,0,1.43762914187173
7570.24868807181,735818.492638889,4,1,0,3.18250179290771,0,1.43762914187173
7580.24869197848,735818.49275463,4,1,0,3.18331217765808,0,1.43762914187173
7590.26426630642,735818.49287037,4,1,0,3.18396043777466,0,1.43762914187173
7600.27981149172,735818.492986111,4,1,0,3.18460869789124,0,1.43762914187173
7610.29543274161,735818.493101852,4,1,0,3.1854190826416,0,1.43762914187173
7620.3110711292,735818.493217593,4,1,0,3.18622922897339,0,1.43762914187173
7630.32649637559,735818.493333333,4,1,0,3.18671536445618,0,1.43762914187173
7640.32655982565,735818.493449074,4,1,0,3.18752574920654,0,1.43762914187173
7650.32661132593,735818.493564815,4,1,0,3.18817400932312,0,1.43762914187173
7660.34210021092,735818.493680556,4,1,0,3.1888222694397,0,1.43762914187173
7670.34218596657,735818.493796296,4,1,0,3.18963265419006,0,1.43762914187173
7680.35770581874,735818.493912037,4,1,0,3.19011878967285,0,1.43762914187173
7690.35776165482,735818.494027778,4,1,0,3.19076704978943,0,1.43762914187173
7700.37351317939,735818.494155093,4,1,0,3.19125318527222,0,1.43762914187173
7710.38912101083,735818.494270833,4,1,0,3.19206357002258,0,1.43762914187173
7720.40453623223,735818.494386574,4,1,0,3.19271159172058,0,1.43762914187173
7730.42015926656,735818.494502315,4,1,0,3.19352197647095,0,1.43762914187173
7740.43578012046,735818.494618056,4,1,0,3.19400811195374,0,1.43762914187173
7750.45119943205,735818.494733796,4,1,0,3.1944944858551,0,1.43762914187173
7760.45127421035,735818.494849537,4,1,0,3.19498062133789,0,1.43762914187173
7770.46689720959,735818.494965278,4,1,0,3.19579076766968,0,1.43762914187173
7780.46692246446,735818.495081019,4,1,0,3.19643902778625,0,1.43762914187173
7790.4825447018,735818.495196759,4,1,0,3.19692540168762,0,1.43762914187173
7800.48258011198,735818.4953125,4,1,0,3.19757342338562,0,1.43762914187173
7810.49811633495,735818.495428241,4,1,0,3.1978976726532,0,1.43762914187173
7820.51372820646,735818.495543981,4,1,0,3.19854593276978,0,1.43762914187173
7830.52916970334,735818.495659722,4,1,0,3.19919419288635,0,1.43762914187173
7840.5293960945,735818.495775463,4,1,0,3.19984245300293,0,1.43762914187173
7850.5448114763,735818.495891204,4,1,0,3.20032858848572,0,1.43762914187173
7860.54482820492,735818.496006944,4,1,0,3.20065259933472,0,1.43762914187173
7870.56051943922,735818.496122685,4,1,0,3.20130085945129,0,1.43762914187173
7880.57598059009,735818.496238426,4,1,0,3.20178699493408,0,1.43762914187173
7890.57598933882,735818.496354167,4,1,0,3.20259737968445,0,1.43762914187173
7900.59155205783,735818.496469907,4,1,0,3.20292162895203,0,1.43762914187173
7910.60723556788,735818.496585648,4,1,0,3.20356965065002,0,1.43762914187173
7920.62274786623,735818.496701389,4,1,0,3.2038938999176,0,1.43762914187173
7930.62282527107,735818.49681713,4,1,0,3.20470428466797,0,1.43762914187173
7940.63842209006,735818.49693287,4,1,0,3.20502829551697,0,1.43762914187173
7950.65383461975,735818.497048611,4,1,0,3.20551443099976,0,1.43762914187173
7960.65391301205,735818.497164352,4,1,0,3.20600056648254,0,1.43762914187173
7970.66960830648,735818.497280093,4,1,0,3.20648694038391,0,1.43762914187173
7980.68501478108,735818.497395833,4,1,0,3.2069730758667,0,1.43762914187173
7990.6851059402,735818.497511574,4,1,0,3.20762133598328,0,1.43762914187173
8000.70091828635,735818.497627315,4,1,0,3.20794534683228,0,1.43762914187173
8010.71618145879,735818.497743056,4,1,0,3.20843148231506,0,1.43762914187173
8020.73204621557,735818.497858796,4,1,0,3.20907974243164,0,1.43762914187173
8030.74738572828,735818.497974537,4,1,0,3.20924186706543,0,1.43762914187173
8040.74758805446,735818.498090278,4,1,0,3.20989012718201,0,1.43762914187173
8050.76311007203,735818.498206018,4,1,0,3.21053838729858,0,1.43762914187173
8060.77868799393,735818.498321759,4,1,0,3.21086239814758,0,1.43762914187173
8070.79439900252,735818.4984375,4,1,0,3.21151065826416,0,1.43762914187173
8080.80977602872,735818.498553241,4,1,0,3.21167278289795,0,1.43762914187173
8090.8098952578,735818.498668981,4,1,0,3.21215891838074,0,1.43762914187173
8100.82544133533,735818.498784722,4,1,0,3.21264505386353,0,1.43762914187173
8110.8254903444,735818.498900463,4,1,0,3.21313142776489,0,1.43762914187173
8120.8410033044,735818.499016204,4,1,0,3.21361756324768,0,1.43762914187173
8130.8568578407,735818.499131944,4,1,0,3.21394157409668,0,1.43762914187173
8140.87211888785,735818.499247685,4,1,0,3.21442770957947,0,1.43762914187173
8150.87229444231,735818.499363426,4,1,0,3.21475195884705,0,1.43762914187173
8160.88792896527,735818.499479167,4,1,0,3.21523809432983,0,1.43762914187173
8170.90348939357,735818.499594907,4,1,0,3.21556234359741,0,1.43762914187173
8180.90350742042,735818.499710648,4,1,0,3.21621036529541,0,1.43762914187173
8190.91907305169,735818.499826389,4,1,0,3.21685862541199,0,1.43762914187173
8200.9190779007,735818.49994213,4,1,0,3.21702075004578,0,1.43762914187173
8210.93455465044,735818.50005787,4,1,0,3.21734499931335,0,1.43762914187173
8220.950170151,735818.500173611,4,1,0,3.21783113479614,0,1.43762914187173
8230.96573941632,735818.500289352,4,1,0,3.21815514564514,0,1.43762914187173
8240.98134114756,735818.500405093,4,1,0,3.21847939491272,0,1.43762914187173
8250.98140489335,735818.500520833,4,1,0,3.2191276550293,0,1.43762914187173
8260.98142506555,735818.500636574,4,1,0,3.2194516658783,0,1.43762914187173
8270.9970477841,735818.500752315,4,1,0,3.21977591514587,0,1.43762914187173
8281.01266477336,735818.500868056,4,1,0,3.22026205062866,0,1.43762914187173
8291.02801561431,735818.500983796,4,1,0,3.22058606147766,0,1.43762914187173
8301.04374521423,735818.501099537,4,1,0,3.22091031074524,0,1.43762914187173
8311.05923193884,735818.501215278,4,1,0,3.22139644622803,0,1.43762914187173
8321.0595110113,735818.501331019,4,1,0,3.22172045707703,0,1.43762914187173
8331.0751035797,735818.501446759,4,1,0,3.2223687171936,0,1.43762914187173
8341.0904109122,735818.5015625,4,1,0,3.22253084182739,0,1.43762914187173
8351.10624862157,735818.501678241,4,1,0,3.22301697731018,0,1.43762914187173
8361.12161129701,735818.501793982,4,1,0,3.22334122657776,0,1.43762914187173
8371.13737633526,735818.501909722,4,1,0,3.22382736206055,0,1.43762914187173
8381.15279590248,735818.502025463,4,1,0,3.22415137290955,0,1.43762914187173
8391.15287767822,735818.502141204,4,1,0,3.22447562217712,0,1.43762914187173
8401.16856941378,735818.502256944,4,1,0,3.22479963302612,0,1.43762914187173
8411.18405723612,735818.502372685,4,1,0,3.22528576850891,0,1.43762914187173
8421.19971964859,735818.502488426,4,1,0,3.22561001777649,0,1.43762914187173
8431.21518582198,735818.502604167,4,1,0,3.22593402862549,0,1.43762914187173
8441.21529109628,735818.502719907,4,1,0,3.22642040252686,0,1.43762914187173
8451.23098042584,735818.502835648,4,1,0,3.22674441337585,0,1.43762914187173
8461.23105415151,735818.502951389,4,1,0,3.22690653800964,0,1.43762914187173
8471.2464027669,735818.50306713,4,1,0,3.22739267349243,0,1.43762914187173
8481.26209585082,735818.50318287,4,1,0,3.22771668434143,0,1.43762914187173
8491.27770080008,735818.503298611,4,1,0,3.2282030582428,0,1.43762914187173
8501.2932943008,735818.503414352,4,1,0,3.22868919372559,0,1.43762914187173
8511.30885046848,735818.503530093,4,1,0,3.22885131835938,0,1.43762914187173
8521.30893469031,735818.503645833,4,1,0,3.22917532920837,0,1.43762914187173
8531.32458962415,735818.503761574,4,1,0,3.22949934005737,0,1.43762914187173
8541.34004403822,735818.503877315,4,1,0,3.22998571395874,0,1.43762914187173
8551.34027767243,735818.503993056,4,1,0,3.23030972480774,0,1.43762914187173
8561.35556570684,735818.504108796,4,1,0,3.23063397407532,0,1.43762914187173
8571.35561674096,735818.504224537,4,1,0,3.23079586029053,0,1.43762914187173
8581.37124227151,735818.504351852,4,1,0,3.23128199577332,0,1.43762914187173
8591.38665894653,735818.504467593,4,1,0,3.23160624504089,0,1.43762914187173
8601.38675478732,735818.504583333,4,1,0,3.23193025588989,0,1.43762914187173
8611.38676784679,735818.504699074,4,1,0,3.23225450515747,0,1.43762914187173
8621.40239424451,735818.504814815,4,1,0,3.23257851600647,0,1.43762914187173
8631.41794486336,735818.504930556,4,1,0,3.23290276527405,0,1.43762914187173
8641.43352084542,735818.505046296,4,1,0,3.23322677612305,0,1.43762914187173
8651.43359157362,735818.505162037,4,1,0,3.23355102539062,0,1.43762914187173
8661.4490974259,735818.505277778,4,1,0,3.23387503623962,0,1.43762914187173
8671.44910659066,735818.505393518,4,1,0,3.23436117172241,0,1.43762914187173
8681.46473719887,735818.505509259,4,1,0,3.2345232963562,0,1.43762914187173
8691.48025793825,735818.505625,4,1,0,3.23484754562378,0,1.43762914187173
8701.49594178916,735818.505740741,4,1,0,3.23517155647278,0,1.43762914187173
8711.5115078515,735818.505856481,4,1,0,3.23533368110657,0,1.43762914187173
8721.52710224946,735818.505972222,4,1,0,3.23565769195557,0,1.43762914187173
8731.54267563505,735818.506087963,4,1,0,3.23614382743835,0,1.43762914187173
8741.54279039298,735818.506203704,4,1,0,3.23646807670593,0,1.43762914187173
8751.5582640801,735818.506319444,4,1,0,3.23663020133972,0,1.43762914187173
8761.55835997101,735818.506435185,4,1,0,3.23711633682251,0,1.43762914187173
8771.55840238865,735818.506550926,4,1,0,3.2372784614563,0,1.43762914187173
8781.55843404948,735818.506666667,4,1,0,3.23776459693909,0,1.43762914187173
8791.57382149666,735818.506782407,4,1,0,3.2379264831543,0,1.43762914187173
8801.57388805446,735818.506898148,4,1,0,3.23841285705566,0,1.43762914187173
8811.58949863776,735818.507013889,4,1,0,3.23857474327087,0,1.43762914187173
8821.60495184383,735818.50712963,4,1,0,3.23889899253845,0,1.43762914187173
8831.62055589084,735818.50724537,4,1,0,3.23906111717224,0,1.43762914187173
8841.63622176695,735818.507361111,4,1,0,3.23954725265503,0,1.43762914187173
8851.65167287278,735818.507476852,4,1,0,3.23987126350403,0,1.43762914187173
8861.65175391168,735818.507592593,4,1,0,3.24003338813782,0,1.43762914187173
8871.66735381837,735818.507708333,4,1,0,3.24035739898682,0,1.43762914187173
8881.66740486251,735818.507824074,4,1,0,3.24068164825439,0,1.43762914187173
8891.68281178823,735818.507939815,4,1,0,3.24084377288818,0,1.43762914187173
8901.68295525773,735818.508055556,4,1,0,3.24100565910339,0,1.43762914187173
8911.68299462276,735818.508171296,4,1,0,3.24165391921997,0,1.43762914187173
8921.69838896211,735818.508287037,4,1,0,3.24181604385376,0,1.43762914187173
8931.71433163809,735818.508402778,4,1,0,3.24214005470276,0,1.43762914187173
8941.72952139255,735818.508518519,4,1,0,3.24230217933655,0,1.43762914187173
8951.72967684692,735818.508634259,4,1,0,3.24262642860413,0,1.43762914187173
8961.72994191948,735818.50875,4,1,0,3.24278831481934,0,1.43762914187173
8971.74520647538,735818.508865741,4,1,0,3.24311256408691,0,1.43762914187173
8981.76088325365,735818.508981481,4,1,0,3.24343657493591,0,1.43762914187173
8991.77631118172,735818.509097222,4,1,0,3.24376082420349,0,1.43762914187173
9001.7763964662,735818.509212963,4,1,0,3.24408483505249,0,1.43762914187173
9011.79196525533,735818.509328704,4,1,0,3.24408483505249,0,1.43762914187173
9021.79199103651,735818.509444444,4,1,0,3.24457097053528,0,1.43762914187173
9031.79214764876,735818.509560185,4,1,0,3.24489521980286,0,1.43762914187173
9041.80760457911,735818.509675926,4,1,0,3.24521923065186,0,1.43762914187173
9051.82304750957,735818.509791667,4,1,0,3.24538135528564,0,1.43762914187173
9061.83857843934,735818.509907407,4,1,0,3.24570560455322,0,1.43762914187173
9071.8387137485,735818.510023148,4,1,0,3.24586749076843,0,1.43762914187173
9081.85421524492,735818.510138889,4,1,0,3.24602961540222,0,1.43762914187173
9091.85424225416,735818.51025463,4,1,0,3.24651575088501,0,1.43762914187173
9101.86975520413,735818.51037037,4,1,0,3.24684000015259,0,1.43762914187173
9111.8853538978,735818.510486111,4,1,0,3.2470018863678,0,1.43762914187173
9121.8853616741,735818.510601852,4,1,0,3.24732613563538,0,1.43762914187173
9131.90096474869,735818.510717593,4,1,0,3.24748826026917,0,1.43762914187173
9141.90117809233,735818.510833333,4,1,0,3.24781227111816,0,1.43762914187173
9151.90127731655,735818.510949074,4,1,0,3.24797439575195,0,1.43762914187173
9161.91653031865,735818.511064815,4,1,0,3.24829840660095,0,1.43762914187173
9171.91662969324,735818.511180556,4,1,0,3.24846053123474,0,1.43762914187173
9181.93219747487,735818.511296296,4,1,0,3.24894666671753,0,1.43762914187173
9191.94784566189,735818.511412037,4,1,0,3.24910879135132,0,1.43762914187173
9201.96338632091,735818.511527778,4,1,0,3.24927091598511,0,1.43762914187173
9211.96347836223,735818.511643518,4,1,0,3.24959492683411,0,1.43762914187173
9221.97913929602,735818.511759259,4,1,0,3.24959492683411,0,1.43762914187173
9231.99469248127,735818.511875,4,1,0,3.25008106231689,0,1.43762914187173
9242.01020399265,735818.511990741,4,1,0,3.25024318695068,0,1.43762914187173
9252.0257938543,735818.512106481,4,1,0,3.25056719779968,0,1.43762914187173
9262.0258045579,735818.512222222,4,1,0,3.25072932243347,0,1.43762914187173
9272.04129636518,735818.512337963,4,1,0,3.25105357170105,0,1.43762914187173
9282.04137329884,735818.512453704,4,1,0,3.25121545791626,0,1.43762914187173
9292.05701633302,735818.512569444,4,1,0,3.25170183181763,0,1.43762914187173
9302.07256973882,735818.512685185,4,1,0,3.25186371803284,0,1.43762914187173
9312.08811496422,735818.512800926,4,1,0,3.25186371803284,0,1.43762914187173
9322.10379969232,735818.512916667,4,1,0,3.2523500919342,0,1.43762914187173
9332.11942091714,735818.513032407,4,1,0,3.2523500919342,0,1.43762914187173
9342.11952523405,735818.513148148,4,1,0,3.25283622741699,0,1.43762914187173
9352.13498901147,735818.513263889,4,1,0,3.2529981136322,0,1.43762914187173
9362.1505895798,735818.51337963,4,1,0,3.25332236289978,0,1.43762914187173
9372.16604995875,735818.51349537,4,1,0,3.25364637374878,0,1.43762914187173
9382.16617157878,735818.513611111,4,1,0,3.25364637374878,0,1.43762914187173
9392.18169569157,735818.513726852,4,1,0,3.25397062301636,0,1.43762914187173
9402.18169818471,735818.513842593,4,1,0,3.25413274765015,0,1.43762914187173
9412.19736193051,735818.513958333,4,1,0,3.25445675849915,0,1.43762914187173
9422.21291743654,735818.514074074,4,1,0,3.25478076934814,0,1.43762914187173
9432.22850918791,735818.514189815,4,1,0,3.25494289398193,0,1.43762914187173
9442.24410468861,735818.514305556,4,1,0,3.25510501861572,0,1.43762914187173
9452.2597055176,735818.514421296,4,1,0,3.25526714324951,0,1.43762914187173
9462.27530388045,735818.514537037,4,1,0,3.25559115409851,0,1.43762914187173
9472.27532445866,735818.514652778,4,1,0,3.2557532787323,0,1.43762914187173
9482.29093349811,735818.514768519,4,1,0,3.2560772895813,0,1.43762914187173
9492.30648055809,735818.514884259,4,1,0,3.25623941421509,0,1.43762914187173
9502.32212009355,735818.515,4,1,0,3.25640153884888,0,1.43762914187173
9512.33772630094,735818.515115741,4,1,0,3.25672554969788,0,1.43762914187173
9522.35315004859,735818.515231482,4,1,0,3.25704979896545,0,1.43762914187173
9532.36894312171,735818.515358796,4,1,0,3.25704979896545,0,1.43762914187173
9542.384504352,735818.515474537,4,1,0,3.25737380981445,0,1.43762914187173
9552.40004866013,735818.515590278,4,1,0,3.25769805908203,0,1.43762914187173
9562.4157054536,735818.515706019,4,1,0,3.25785994529724,0,1.43762914187173
9572.43124832313,735818.515821759,4,1,0,3.25802206993103,0,1.43762914187173
9582.43130669554,735818.5159375,4,1,0,3.25834631919861,0,1.43762914187173
9592.44685553997,735818.516053241,4,1,0,3.25850820541382,0,1.43762914187173
9602.46256573152,735818.516168981,4,1,0,3.25867033004761,0,1.43762914187173
9612.47794315371,735818.516284722,4,1,0,3.2588324546814,0,1.43762914187173
9622.47800786191,735818.516400463,4,1,0,3.25931859016418,0,1.43762914187173
9632.49373296563,735818.516516204,4,1,0,3.25931859016418,0,1.43762914187173
9642.50936381444,735818.516631944,4,1,0,3.25980472564697,0,1.43762914187173
9652.52479921112,735818.516747685,4,1,0,3.25980472564697,0,1.43762914187173
9662.52487610969,735818.516863426,4,1,0,3.25996685028076,0,1.43762914187173
9672.54040818232,735818.516979167,4,1,0,3.26012897491455,0,1.43762914187173
9682.55607365743,735818.517094907,4,1,0,3.26061511039734,0,1.43762914187173
9692.57156524917,735818.517210648,4,1,0,3.26045298576355,0,1.43762914187173
9702.58727881413,735818.517326389,4,1,0,3.26077723503113,0,1.43762914187173
9712.58734341205,735818.51744213,4,1,0,3.26110124588013,0,1.43762914187173
9722.60265848886,735818.51755787,4,1,0,3.26142525672913,0,1.43762914187173
9732.60276311153,735818.517673611,4,1,0,3.26142525672913,0,1.43762914187173
9742.60277147931,735818.517789352,4,1,0,3.2617495059967,0,1.43762914187173
9752.61840014267,735818.517905093,4,1,0,3.26191163063049,0,1.43762914187173
9762.63382703816,735818.518020833,4,1,0,3.26223564147949,0,1.43762914187173
9772.63383027315,735818.518136574,4,1,0,3.26239776611328,0,1.43762914187173
9782.64955565256,735818.518252315,4,1,0,3.26239776611328,0,1.43762914187173
9792.66509753964,735818.518368056,4,1,0,3.26288390159607,0,1.43762914187173
9802.68072770675,735818.518483796,4,1,0,3.26288390159607,0,1.43762914187173
9812.69632481146,735818.518599537,4,1,0,3.26320791244507,0,1.43762914187173
9822.71194663778,735818.518715278,4,1,0,3.26320791244507,0,1.43762914187173
9832.7275687448,735818.518831018,4,1,0,3.26337003707886,0,1.43762914187173
9842.72760985418,735818.518946759,4,1,0,3.26353216171265,0,1.43762914187173
9852.7430940575,735818.5190625,4,1,0,3.26385617256165,0,1.43762914187173
9862.7432057929,735818.519178241,4,1,0,3.26401829719543,0,1.43762914187173
9872.7589148767,735818.519293981,4,1,0,3.26418042182922,0,1.43762914187173
9882.77429080517,735818.519409722,4,1,0,3.26434254646301,0,1.43762914187173
9892.78987662174,735818.519525463,4,1,0,3.26466655731201,0,1.43762914187173
9902.80553187637,735818.519641204,4,1,0,3.2648286819458,0,1.43762914187173
9912.82110815417,735818.519756945,4,1,0,3.26499080657959,0,1.43762914187173
9922.83674776482,735818.519872685,4,1,0,3.2651526927948,0,1.43762914187173
9932.85244447277,735818.519988426,4,1,0,3.26547694206238,0,1.43762914187173
9942.86784430581,735818.520104167,4,1,0,3.26580095291138,0,1.43762914187173
9952.86794193105,735818.520219907,4,1,0,3.26580095291138,0,1.43762914187173
9962.88346226943,735818.520335648,4,1,0,3.26596307754517,0,1.43762914187173
9972.89930018431,735818.520451389,4,1,0,3.26628708839417,0,1.43762914187173
9982.91462684499,735818.52056713,4,1,0,3.26644921302795,0,1.43762914187173
9992.91469031008,735818.52068287,4,1,0,3.26661133766174,0,1.43762914187173
10002.9147350886,735818.520798611,4,1,0,3.26661133766174,0,1.43762914187173
10012.9302461639,735818.520914352,4,1,0,3.26693534851074,0,1.43762914187173
10022.9458857645,735818.521030093,4,1,0,3.26709747314453,0,1.43762914187173
10032.9614550649,735818.521145833,4,1,0,3.26742148399353,0,1.43762914187173
10042.9770179844,735818.521261574,4,1,0,3.26758360862732,0,1.43762914187173
10052.9925976407,735818.521377315,4,1,0,3.26774573326111,0,1.43762914187173
10063.008489104,735818.521493056,4,1,0,3.2679078578949,0,1.43762914187173
10073.0238747918,735818.521608796,4,1,0,3.2679078578949,0,1.43762914187173
10083.0393816867,735818.521724537,4,1,0,3.2682318687439,0,1.43762914187173
10093.0393941697,735818.521840278,4,1,0,3.26839399337769,0,1.43762914187173
10103.0551289475,735818.521956019,4,1,0,3.26871800422668,0,1.43762914187173
10113.0705766599,735818.522071759,4,1,0,3.26888012886047,0,1.43762914187173
10123.0706237141,735818.5221875,4,1,0,3.26888012886047,0,1.43762914187173
10133.0706342473,735818.522303241,4,1,0,3.26920437812805,0,1.43762914187173
10143.0860551428,735818.522418982,4,1,0,3.26952838897705,0,1.43762914187173
10153.101837419,735818.522534722,4,1,0,3.26952838897705,0,1.43762914187173
10163.10187917,735818.522650463,4,1,0,3.26969051361084,0,1.43762914187173
10173.1173635889,735818.522766204,4,1,0,3.26969051361084,0,1.43762914187173
10183.1329350747,735818.522881944,4,1,0,3.27001452445984,0,1.43762914187173
10193.1483419403,735818.522997685,4,1,0,3.27017664909363,0,1.43762914187173
10203.1485110687,735818.523113426,4,1,0,3.27033877372742,0,1.43762914187173
10213.1485514313,735818.523229167,4,1,0,3.27050065994263,0,1.43762914187173
10223.1638838162,735818.523344907,4,1,0,3.27066278457642,0,1.43762914187173
10233.1640226592,735818.523460648,4,1,0,3.2711489200592,0,1.43762914187173
10243.1641541388,735818.523576389,4,1,0,3.2711489200592,0,1.43762914187173
10253.1794878971,735818.52369213,4,1,0,3.2711489200592,0,1.43762914187173
10263.1796672711,735818.52380787,4,1,0,3.27147316932678,0,1.43762914187173
10273.195208281,735818.523923611,4,1,0,3.27163529396057,0,1.43762914187173
10283.2106133822,735818.524039352,4,1,0,3.27179718017578,0,1.43762914187173
10293.2107479244,735818.524155093,4,1,0,3.27195930480957,0,1.43762914187173
10303.2107667383,735818.524270833,4,1,0,3.27212142944336,0,1.43762914187173
10313.2108182135,735818.524386574,4,1,0,3.27228331565857,0,1.43762914187173
10323.2262622667,735818.524502315,4,1,0,3.27244544029236,0,1.43762914187173
10333.2262759177,735818.524618056,4,1,0,3.27260756492615,0,1.43762914187173
10343.2262791827,735818.524733796,4,1,0,3.27276968955994,0,1.43762914187173
10353.2262998863,735818.524849537,4,1,0,3.27293157577515,0,1.43762914187173
10363.2418725601,735818.524965278,4,1,0,3.27309370040894,0,1.43762914187173
10373.2574368179,735818.525081019,4,1,0,3.27325582504272,0,1.43762914187173
10383.2731016815,735818.525196759,4,1,0,3.27341794967651,0,1.43762914187173
10393.2886291276,735818.5253125,4,1,0,3.27374196052551,0,1.43762914187173
10403.2886523223,735818.525428241,4,1,0,3.27374196052551,0,1.43762914187173
10413.2886823842,735818.525543981,4,1,0,3.27406597137451,0,1.43762914187173
10423.3042312336,735818.525659722,4,1,0,3.2742280960083,0,1.43762914187173
10433.304247466,735818.525775463,4,1,0,3.2742280960083,0,1.43762914187173
10443.3197685412,735818.525891204,4,1,0,3.27455234527588,0,1.43762914187173
10453.3353896708,735818.526006944,4,1,0,3.27455234527588,0,1.43762914187173
10463.3354384493,735818.526122685,4,1,0,3.27487635612488,0,1.43762914187173
10473.3509966921,735818.526238426,4,1,0,3.27503848075867,0,1.43762914187173
10483.3665793609,735818.526365741,4,1,0,3.27520060539246,0,1.43762914187173
10493.3821502001,735818.526481482,4,1,0,3.27520060539246,0,1.43762914187173
10503.3821640165,735818.526597222,4,1,0,3.27552461624146,0,1.43762914187173
10513.3978046296,735818.526712963,4,1,0,3.27552461624146,0,1.43762914187173
10523.4133462811,735818.526828704,4,1,0,3.27584886550903,0,1.43762914187173
10533.4289154261,735818.526944444,4,1,0,3.27584886550903,0,1.43762914187173
10543.4446142393,735818.527060185,4,1,0,3.27601075172424,0,1.43762914187173
10553.4601813042,735818.527175926,4,1,0,3.27617287635803,0,1.43762914187173
10559.5693958917,735818.52724537,4,1,0,3.27617287635803,0,1.43762914187173
